buyer_name,market_based_value,static_pe,net_profit_t_1,net_profit_t_2,net_profit_t_3,sale_at,year,pricing_method,ps,target_business,buyer_stock_code,dynamic_pe,support_fund_use,bargain_value,profit_based_value,pb,capital_based_value,target_name,target_income,net_profit_t,target_net_asset,net_profit,target_estimate_value,memo,value_at,growth_ratio,support_fund,bargain_type,consultant,target_industry,payment_type,buyer_industry
金隅股份,,,,,,2011-01-21 00:00:00,2011.0,,,水泥制造,601992.SH,,,,,,,太行水泥,,,,,0.0,,2010-06-04 00:00:00,,,集团整体上市,中金,金属、非金属,股份+现金,建筑材料
渤海租赁,,64.2655138385,,,,2011-01-21 00:00:00,2011.0,资产基础法,,融资租赁,000415.SZ,,,,653825.77,,651050.4,渤海租赁100%股权,,,651050.32,10173.82,653825.77,,2010-02-28 00:00:00,0.00426303453779,,借壳上市,广发证券,社会服务业,,非银金融
张家界,72700,,,,,2011-01-27 00:00:00,2011.0,,,客运,000430.SZ,,,,64108.63,,,环保客运100%股权,,,15765.59,,64108.63,,2010-06-30 00:00:00,3.06636415129,,集团整体上市,招商证券,社会服务业,,休闲服务
中航电子,,,,,,2011-02-23 00:00:00,2011.0,资产基础法,,航空电子,600372.SH,,,,25133,,24989,华燕仪表,,,201221,,270860.0,,2010-04-30 00:00:00,0.346082168362,,集团整体上市,中金,电子,,国防军工
华菱星马,,,19931.29,22202.54,23787.07,2011-02-28 00:00:00,2011.0,收益法,,汽车制造,600375.SH,8.95758127045,,,178536.15,,108460.43,安徽华菱汽车100%股权,,,91992.61,,178536.15,,2009-12-31 00:00:00,0.940766220243,,集团整体上市,平安证劵,机械、设备、仪表,,机械设备
江南化工,68207.6,88.84588173799999,24156,27321,32466,2011-03-28 00:00:00,2011.0,收益法,,工业炸药,002226.SZ,9.0769846001,,,84011.79,,,新疆天河化工84.265%等7项资产,,23664.88,39246.86,2467.91,219263.64,,2009-10-31 00:00:00,4.586781719609999,,产业并购,西南证券,石油、化学、塑胶、塑料,,化工
首商股份,,13.837177866300001,28492.97,23337.78,24260.26,2011-04-01 00:00:00,2011.0,收益法,,商业零售,600723.SH,8.65827605897,,,246700,,108747.04,新燕莎控股100%股权,,19919.13,58420.04,17828.78,246700.0,,2010-09-30 00:00:00,3.22286598914,,集团整体上市,中信建投,批发和零售贸易,,商业贸易
象屿股份,,,,,,2011-04-26 00:00:00,2011.0,资产基础法,,物流园区经营,600057.SH,,,,166800,,167740.56,象屿股份100%的股权,,,104362.62,,167740.56,,2010-06-30 00:00:00,0.6072858270520001,,借壳上市,德邦证券,社会服务业,,交通运输
通宝能源,,22.9356450388,,,,2011-05-04 00:00:00,2011.0,资产基础法,,配电,600780.SH,,,,161359.81,,154015.15,地电股份总股本的 100%,,,129543.27,6715.1,154015.15,,2010-06-30 00:00:00,0.188908925952,,集团整体上市,西南证券,电力、煤气及水的生产和供应业,,公用事业
山东高速,,19.6717085734,69931.91,65511.32,52523.69,2011-05-06 00:00:00,2011.0,收益法,,高速公路运营,600350.SH,10.741632539400001,,,717067.52,,503387.2,高速运管100%股权,,60031.98,438761.96,38185.95,751182.88,,2010-06-30 00:00:00,0.71205106295,,集团整体上市,中信证劵,交通运输、仓储业,,交通运输
国海证券,272858.52,,,,,2011-05-11 00:00:00,2011.0,市场法,,证券,000750.SZ,,,,257600.61,,,国海证券100%股权,,,175020.9,,272858.52,,2009-06-30 00:00:00,0.559005353075,,借壳上市,兴业证券,金融、保险业,,非银金融
平安银行,3118077.58,200.804278415,230000,285800,359700,2011-05-12 00:00:00,2011.0,收益法,,银行,000001.SZ,12.6436850435,,,2908047.56,,,平安银行100%股权,,175300,1532909.35,14482,2908047.56,,2010-06-30 00:00:00,0.897077319021,,集团整体上市,中信证券,金融、保险业,,银行
万丰奥威,,11.441984227,13066.49,11037.39,11494.46,2011-05-17 00:00:00,2011.0,收益法,,轮毂制造,002085.SZ,8.47082269225,,,110683.92,,70765.07,万丰摩轮75%股权,,12634.76,53781.47,9673.49,110683.92,,2010-06-30 00:00:00,1.05803076785,,集团整体上市,首创证券,机械、设备、仪表,,汽车
中国玻纤,765110,-25.9609309399,37278,51483,51483,2011-05-19 00:00:00,2011.0,收益法,,玻璃纤维,600176.SH,16.0815494393,,,599488,,,巨石集团49%股权,,47839.52,333357,-23091.93,599488.0,,2010-06-30 00:00:00,0.7983363181209999,,集团整体上市,招商证券,金属、非金属,,化工
皖通科技,,20.6199679298,1636.44,1995.33,2293.52,2011-05-23 00:00:00,2011.0,收益法,,电子,002331.SZ,10.451235609,,,17102.82,,4817.94,华东电子100%股权,,1566.08,3820.96,829.43,17102.82,,2010-06-30 00:00:00,3.4760531384800006,,产业并购,国元证券,信息技术业,,计算机
浙报传媒,,13.582978336300002,19598.38,21516.27,23826.88,2011-05-31 00:00:00,2011.0,收益法,,报纸传媒,600633.SH,12.569659839200002,,,246344.97,,,浙报发展、钱报公司等16项股权,,23093.12,68099.19,18136.3,246344.97,,2010-09-30 00:00:00,2.61744346739,,借壳上市,中银国际,传播与文化产业,,传媒
国机汽车,,,,,,2011-06-14 00:00:00,2011.0,,,汽车贸易,600335.SH,,,,,,,中进汽贸 100%股权,,22758.45,164260.6,,258796.13,,2010-06-30 00:00:00,0.575521640613,,集团整体上市,中信证券,批发和零售贸易,,汽车
百联股份,,,,,,2011-06-23 00:00:00,2011.0,资产基础法,,商业零售,600827.SH,,,,,,470828.73,"百联集团持有的上海第一八佰伴36%股
权和上海百联集团投资100%的股权",,,90887.75,,470828.73,,2010-06-30 00:00:00,4.18033211296,,集团整体上市,大通证券,批发和零售贸易,,商业贸易
云煤能源,,12.5097034802,19500,2 亿元,,2011-06-23 00:00:00,2011.0,资产基础法,,煤化工,600792.SH,11.4102830769,,,,,222500.52,昆钢煤焦化100% 股权,,19069.897178,217601.7,17786.23453,222500.52,,2010-12-31 00:00:00,0.0225127836777,,借壳上市,国泰君安,石油、化学、塑胶、塑料,,采掘
铁岭新城,,,,,,2011-07-01 00:00:00,2011.0,资产基础法,,工程承包,000809.SZ,,,,,,177542,"截至2011 年8 月31 日上海托博莱特房产
司所持有的128-2、128-3 地块项目价值",,,48377.168995,,177542.0,,2011-08-31 00:00:00,2.66995431292,,产业并购,信达证券,建筑业,,房地产
上海建工,,6.44262234588,,67792.8,73935.47,2011-07-01 00:00:00,2011.0,资产基础法,,土地开发,600170.SH,,,,,,298395.08,铁岭财京投资的净资产,,107802.683318,136253.16,46315.780125,298395.08,,2010-12-31 00:00:00,1.19000484099,,借壳上市,申银万国,房地产业,,建筑装饰
新希望,,9.38667508802,99986.34,111611.28,123206.81,2011-07-04 00:00:00,2011.0,收益法,,饲料加工,000876.SZ,10.854794965,,,1085331.22,,55235.62,六和集团、六和股份、新希望农牧、枫澜科技、新希望乳业、成都新希望实业、四川新希望实业,,107461.54,452458.79,115624.671124,1085331.22,,2010-10-31 00:00:00,1.39874049082,,集团整体上市,华泰联合,农副食品加工业,,农林牧渔
盛达股份,,10.220214138200001,21968.21,21963.89,33257.37,2011-07-04 00:00:00,2011.0,资产基础法,,铅锌矿采掘,000603.SZ,13.0166590724,,,,,285952.7,银都矿业62.96%的股权,,27979.13,19735.43,27979.13,285952.7,,2010-09-30 00:00:00,13.489306794900001,,借壳上市,西南证券,采掘业,,有色金属
华邦颖泰,,13.5834501252,9600,11280.26,14629.99,2011-07-05 00:00:00,2011.0,收益法,,农药制造,002004.SZ,11.4184604167,,,109617.22,,91083.94,颖泰嘉和77.2563%的股权,,8069.91,84686.21,8069.91,109617.22,,2009-08-31 00:00:00,0.294392794293,,产业并购,西南证券,石油、化学、塑胶、塑料,,化工
宁夏建材,,73.6327534051,13368.18,11309.81,8746.64,2011-07-08 00:00:00,2011.0,资产基础法,,水泥制造,600449.SH,18.8346715858,,,244409.22,,251785.28,建材集团的全部股东权益,,,99416.74,3419.473921,251785.28,,2010-07-31 00:00:00,1.53262458616,,产业并购,海通证券,金属、非金属,,建筑材料
华夏幸福,,23.3287165951,31635,44129,,2011-07-22 00:00:00,2011.0,资产基础法,,房地产开发,600340.SH,18.119484604300002,,,,,166946.803075,京御地产100%股权,,24571,131941.817256,24571,573209.895457,,2009-04-30 00:00:00,3.34441413176,,借壳上市,华泰联合,房地产业,,房地产
亿晶光电,,15.1770506095,30442.01,34890.26,36658.39,2011-07-22 00:00:00,2011.0,收益法,,光伏组件制造,600537.SH,9.27604057682,,,282381.32,,101669.44,亿晶光电 100%股权,,18605.81,94755.26,18605.81,282381.32,,2009-09-30 00:00:00,1.98011234416,,借壳上市,中投证券,机械、设备、仪表,,电气设备
上汽集团,,5.031831639,607776,,,2011-08-02 00:00:00,2011.0,资产基础法,,汽车制造,600104.SH,4.791034333380002,,,,,2911875.683,本次交易拟购买的上汽集团与工业有限的资产合称,,578691,2095525.9537,578691,2911875.683,,2010-12-31 00:00:00,0.3895679401430001,,集团整体上市,国泰君安,房地产业,,汽车
三湘股份,,10.924225019000001,41982.07,43360.48,,2011-08-02 00:00:00,2011.0,资产基础法,,房地产开发,000863.SZ,5.82829669904,,,,,244683.96,和光商务发行股份购买三湘股份100%股,,22398.29,35664.14,22398.29,244683.96,,2011-04-30 00:00:00,5.86078396956,,借壳上市,国金证券,房地产业,,房地产
北大医药,,7.394380728310001,2080.08,,,2011-08-19 00:00:00,2011.0,资产基础法,,医药,000788.SZ,6.51217260875,,,14693.01,,13545.84,北京北医医药100%的股权,,1831.91,11457.46,1831.91,13545.84,,2010-09-30 00:00:00,0.182272510661,,集团整体上市,西南证券,医药、生物,,医药生物
宋都股份,,11.8278501816,105623,,,2011-08-19 00:00:00,2011.0,资产基础法,,房地产开发,600077.SH,3.39231961972,,,,,358306.975194,宋都集团100%股权,,30293.499638,193125.543626,30293.499638,358306.975194,,2010-12-31 00:00:00,0.8553059759299999,,借壳上市,海通证券,房地产业,,交通运输
兴业矿业,,,,,,2011-08-24 00:00:00,2011.0,资产基础法,,铅锌矿采掘,000426.SZ,,,,,,139854.036298,"融冠矿业、锡林矿业、巨源矿业、
富生矿业、双源有色五家公司100％的股权",,,49500.294795,,139854.036298,,2009-12-31 00:00:00,1.82531724058,,借壳上市,长江证券,采掘业,,有色金属
海润光伏,,6.11194269129,49855.12,50965.79,52858.38,2011-08-24 00:00:00,2011.0,资产基础法,,光伏设备制造,600401.SH,4.68379396138,,,498566.55,,233511.11,海润光伏的股东全部权益,,38205.71,212597.71,38205.71,233511.11,,2010-10-31 00:00:00,0.0983707679636,,借壳上市,宏源证券,机械、设备、仪表,,电气设备
丽江旅游,,6.83338283289,6205.68,6424.08,6608.11,2011-09-14 00:00:00,2011.0,收益法,,旅游服务,002033.SZ,6.6366183883200005,,,41184.73,,8952.38,"丽江玉龙雪山印象旅游文化产业
公司 51%股权",,6026.99,9101.38,6026.99,41184.73,,2010-09-30 00:00:00,3.5251082802800005,,集团整体上市,海际大和,社会服务业,,休闲服务
昆百大A,59603.6844,17.7465724525,1550,1958,2285,2011-09-14 00:00:00,2011.0,资产基础法,,商业物业经营,000560.SZ,20.3514258065,,,31800,,31544.71,西南商厦持有的新西南100%的股权,,1777.51,7626.59,1777.51,31544.71,,2010-12-31 00:00:00,3.13614865884,,集团整体上市,海通证券,社会服务业,,商业贸易
路桥建设(退市),,,,,,2011-09-26 00:00:00,2011.0,,,工程施工,600263.SH,,,,,,,,,,,,0.0,,,,,集团整体上市,华融证券,建筑业,,
科达洁能,,8.24182387225,7644.368671,,,2011-09-26 00:00:00,2011.0,收益法,,陶瓷机械制造,600499.SH,12.8794311522,,,98455.12,,53280.44,恒力泰100%股权,,8727.360788,42578.06,11945.792767,98455.12,,2011-03-31 00:00:00,1.31234396306,,产业并购,西南证券,机械、设备、仪表,,机械设备
大连重工,,7.19140505041,84014,88072,88284,2011-09-29 00:00:00,2011.0,收益法,,重型装备制造,002204.SZ,6.477777037159999,,,544223.96,,513624.84,,,80552,363677.78,75677,544223.96,,2011-03-31 00:00:00,0.496445452345,,集团整体上市,中信建投,机械、设备、仪表,,机械设备
百视通,,,269560,,,2011-09-29 00:00:00,2011.0,收益法,,新媒体运营,600637.SH,1.6057130138,,,432836,,,"百视通技术100%股权、文广科技100%股权、广电制作100%股权、
信投股份8,000万股（21.33%）的
股份",,259944,121326,,432836.0,,2010-11-30 00:00:00,2.5675452912,,借壳上市,中金,传播与文化产业,,传媒
曲江文旅,,22.6038983711,5597.36,6336.5,7485.35,2011-09-30 00:00:00,2011.0,收益法,,旅游服务,600706.SH,18.0432686123,,,91531,,100994.67,"大雁塔管理公司100%股权；大明宫管理公司100%股
权；城墙公司100%股权；唐艺坊公司100%股权；酒店
管理公司100%股权；曲江旅行社100%股权；百仕通旅
行社40%股权；阳光旅行社43%股权；友联旅行社
56.01%股权；大唐芙蓉园、曲江池及唐城墙公园景区
运营管理业务；御宴宫、芳林苑、唐集市、唐华宾馆、
唐华乐府、大唐博相府、海洋公园等资产及业务；“大
唐芙蓉园”、“大唐圣境”、“龙龙吉祥物”等注册商标，
具体范围与明细以交易基准日审计报告和评估报告为
准",,,58977.61,4468.02,100994.67,,2010-12-31 00:00:00,0.712423918161,,借壳上市,平安证券,社会服务业,,休闲服务
利欧股份,,13.117889456199999,2424.31,2851.64,3119.7,2011-09-30 00:00:00,2011.0,收益法,,工业用泵生产,002131.SZ,12.0805507546,,,29287,,21272.97,天鹅泵业 100%的股权,,2467.48,14718.28,2232.6,29287.0,,2010-10-31 00:00:00,0.989838486562,,产业并购,广发证券,机械、设备、仪表,,机械设备
粤传媒,,14.3184145397,27535.76,29810.59,,2011-10-19 00:00:00,2011.0,收益法、资产基础法,,广告,002181.SZ,15.079170140899999,,,1097877.96,,,广报经营 100%股权、大洋传媒 100%股权及新媒体公司 100%股权,,27510.86,153831.06,28998.77,415216.41,,2011-06-30 00:00:00,1.69917148071,,集团整体上市,中银国际,传播与文化产业,,传媒
均胜电子,,8.198112903119997,15058.35,17646.12,19322.09,2011-10-19 00:00:00,2011.0,收益法,,汽车配件制造,600699.SH,5.891724519149999,,,88719.649913,,67592.798851,均胜股份75%股权、长春均胜100%股权、华德塑料82.3%股权和华德奔源100%股权,,,40332.492185,10821.96,88719.649913,,2010-12-31 00:00:00,1.19970661634,,集团整体上市,申银万国,机械、设备、仪表,,汽车
长江传媒,,10.896623936600001,25686.165513,28392.353074,30061.307027,2011-10-20 00:00:00,2011.0,资产基础法,,平面媒体经营,600757.SH,9.86937345209,,,264499.95,,253506.36,"长江出版传媒集团合法拥有的出版、发行、印刷、印刷物资供应等相关的经营业务、股权资产，具体指：长江出版传媒集团拟注入的本部教材中心相关业务资产以湖北人民出版社、长江文艺
出版社、湖北教育出版社、湖北
少年儿童出版社、湖北科学技术出版社有
限公司、湖北美术出版社、崇文书局有限
公司、湖北九通电子音像出版社、湖北大
家报刊传媒、湖北教育报刊传媒有限
公司、湖北长江出版传媒集团数字出版、
湖北省新华书店（集团）、湖北天一国际
文化、湖北新华印务、湖北长江
出版印刷物资的股权资产（以上均指 100%
股权）",,,175836,23264.67,253506.36,,2010-12-31 00:00:00,0.441720466799,,借壳上市,长江证券,传播与文化产业,,传媒
炼石有色,,44.2944179797,3910.65,5564.71,6431.3,2011-10-31 00:00:00,2011.0,资产基础法,,有色金属采掘,000697.SZ,23.1827445565,,,90961,,90659.6,炼石矿业 100%股权,,,30891.42,2046.75,90659.6,,2010-12-31 00:00:00,1.93478253832,,产业并购,中信建投,采掘业,,有色金属
航天长峰,,21.04470266,2572.61,2765.86,2957.77,2011-11-09 00:00:00,2011.0,收益法,,计算机信息技术,600855.SH,13.6787581483,,,35190.11,,12502.25,长峰科技100%的股权,,2473.58,12619.28,1672.16,35190.11,,2010-07-31 00:00:00,1.7885988741,,集团整体上市,中信建投,信息技术业,,计算机
山东钢铁,,9.37999600893,31755.57,,,2011-11-09 00:00:00,2011.0,资产基础法,,煤化工,600022.SH,11.8416816325,,,,,376039.35,信赢煤焦化100%股权、鲍德气体100%股权；莱钢集团持有的天元气体100%的股权、国贸公司83.33%股权、电子公司100%股权及自动化部、动力部和运输部相关的经营性资产和负债,,,310443.06,40089.5,376039.35,,2010-12-31 00:00:00,0.211298941584,,集团整体上市,中金,石油、化学、塑胶、塑料,,钢铁
安源煤业,,13.9182637191,33100,38500,42500,2011-11-14 00:00:00,2011.0,收益法,,煤炭开采,600397.SH,11.185677341400002,,,370245.92,,350333.76,江西煤业100%股权,,31085.32,315394.81,26601.44451,370245.92,,2010-07-31 00:00:00,0.173912532042,,集团整体上市,华泰联合,采掘业,,采掘
立思辰,,17.7009106005,2286.9,3026.79,3729.52,2011-11-14 00:00:00,2011.0,收益法,,数据传输,300010.SZ,12.911548384300001,,,29527.42,,4199.84,友网科技 100%股权,,,4092.1,1668.13,29527.42,,2010-12-31 00:00:00,6.21571320349,,产业并购,华泰联合,信息技术业,,计算机
交运股份,,15.942958841400001,,,,2011-11-15 00:00:00,2011.0,收益法,,内河港口运输,600676.SH,,,,93518.275793,,,交运集团持有的交运沪北100%股权、临港口岸码头35%股权和2亿元现金、久事公司持有的交运巴士48.5%股权、地产集团持有的南站长途25%股权,,6731.85,66406.63,5865.804254,93518.275793,,2011-01-31 00:00:00,0.40826715334,,集团整体上市,海通证券,交通运输、仓储业,,交通运输
哈药股份,,17.427811619,,,,2011-11-15 00:00:00,2011.0,收益法,,生物制药,600664.SH,,,,175009.91,,,"生物工程公司标的资产
的合称",,,29996.77,10041.99,175009.91,,2010-12-31 00:00:00,4.83429182542,,集团整体上市,中信证券,医药、生物制品,,医药生物
市北高新,,12.171722723299998,14071.35,,,2011-12-26 00:00:00,2011.0,收益法,,园区开发,600604.SH,6.8777821602,,,96779.68,,76285.77,上海开创企业发展100%股权,,11589.43,70491.64,7951.19,96779.68,,2011-05-31 00:00:00,0.372924221936,,借壳上市,海通证券,社会服务业,,房地产
同方国芯,"170,634.80万元~184,854.36万元",21.195962105699998,9009.69,10715.19,12081.8,2011-12-26 00:00:00,2011.0,收益法,,电子科技,002049.SZ,16.5526238972,,,153412.31,,,北京同方微电子100%股权,,7246.89,50833.27,7035.96323,149134.01,,2011-09-30 00:00:00,1.93378745849,,集团整体上市,西南证券,信息技术业,,电子
隧道股份,,14.2330786576,53750.53,,,2011-12-30 00:00:00,2011.0,收益法,,基础设施建设,600820.SH,11.8493810201,,,636910.51,,,基建公司100%股权、投资公司100%股权、第一市政100%股权、场道公司100%股权、第一管线100%股权、第二管线100%股权、地下院100%股权、燃气院30%股权,,51811.33,449131.63,44748.61169,636910.51,,2011-03-31 00:00:00,0.418093199092,,集团整体上市,中信建投,建筑业,,建筑装饰
广汽长丰(退市),,,,,,2011-12-30 00:00:00,2011.0,,,汽车制造,600991.SH,,,,,,,,,,3712.5,,0.0,,2011-03-31 00:00:00,-1.0,,集团整体上市,中金,机械、设备、仪表,,
中航飞机,,18.9929371159,8499.75,11442.84,13519.68,2011-12-30 00:00:00,2011.0,收益法,,飞机制造,000768.SZ,33.8206229595,,,71639.05,,,陕飞集团相关资产（含负债）,,14075.42,169691.63,15135.46,287466.84,,2011-08-31 00:00:00,0.694054326663,,集团整体上市,光大证券,机械、设备、仪表,,国防军工
湖南天雁,,7.4324982052,6001.928789,6603.749586,,2011-12-30 00:00:00,2011.0,资产基础法,,汽车零配件制造,600698.SH,6.41669225909,,,43810.1,,38512.53,,,5689.183294,28041.77,5181.64,38512.53,,2010-09-30 00:00:00,0.373398683464,,集团整体上市,中信建投,机械、设备、仪表,,汽车
蓝色光标,,6.90838218983,5059.99928,5796,6393,2012-01-16 00:00:00,2012.0,收益法,,广告,300058.SZ,8.61636486241,无,43500.0,43598.8,,10591.76,今久广告100%股权,23612.5,4206.300827,4023.99,6311,43598.8,,2011-06-30 00:00:00,9.83471877415,0,产业并购,华泰联合,传播与文化产业,股份和现金,传媒
佳电股份,,9.34883975974,16775.2,19040.86,22378.23,2012-01-16 00:00:00,2012.0,收益法,,电机制造,000922.SZ,12.399306118599998,无,106600.43,208000.84,,112739.92,佳电股份51.25%,185121.97,18092.78,94152.23,22248.84,208000.84,,2010-09-30 00:00:00,1.20919716931,0,借壳上市,中信证券,机械、设备、仪表,股份,电气设备
营口港,,24.9892104493,未列明,未列明,未列明,2012-01-16 00:00:00,2012.0,资产基础法,,港口经营,600317.SH,,无,604250.94,609375.46,,604250.94,港务集团在鲅鱼圈港区拥有的54＃－60＃泊位资产和业务,56957.07,22558.15,485810.068746,24385.542762,609375.46,,2011-01-31 00:00:00,0.25434917718600003,0,集团整体上市,广发证券,交通运输、仓储业,股份,交通运输
中航资本,,23.6175025437,未列明,未列明,未列明,2012-02-13 00:00:00,2012.0,收益法,,综合金融,600705.SH,,无,664839.98,664839.98,,691552.79,中航投资100%的股权,153763.49452,52672.11,365280.48,29281.368287,691552.79,,2011-02-28 00:00:00,0.893210362623,0,借壳上市,中信建投,金融、保险业,股份,非银金融
号百控股,,36.3831906579,0,0,6733.65,2012-03-06 00:00:00,2012.0,收益法,,旅游服务,600640.SH,,无,207065.47,207065.47,,186888.86,商旅公司、通茂控股,141201.18,0,201104.78,5691.24,207065.47,,2011-03-31 00:00:00,0.029639723133400006,0,集团整体上市,中信证券,社会服务业,股份和现金,休闲服务
华东电脑,237000,18.1887750611,15307.77,17788.13,20469,2012-03-13 00:00:00,2012.0,收益法,,网络信息技术,600850.SH,15.482333481600001,无,174526.1,198100,,,华讯网络有限100%的股权,134899.27,13030.014347,39269.31,13030.014347,237000.0,,2009-12-31 00:00:00,5.03524737257,0,集团整体上市,民生证券,信息技术业,股份,计算机
中储股份,,,0,0,0,2012-03-21 00:00:00,2012.0,资产基础法,,房地产开发,600787.SH,,无,89811.41,89811.41,,,西安4宗地、衡阳5宗地、武汉1宗地、洛阳4宗地、平顶山2宗地的国有出让土地使用权。,0,0,19716.48,0,89811.41,中水致远资产评估有限公司对西安、衡阳、武汉、洛阳、平顶山五市16项国有出让土地使用权分别采用了市场比较法、基准地价系数修正法、成本逼近法和收益还原法,2011-02-28 00:00:00,3.55514422453,0,集团整体上市,光大证券,房地产业,股份,交通运输
泰豪科技,,12.1195635748,3637.41,,,2012-03-21 00:00:00,2012.0,收益法,,软件开发,600590.SH,11.0243277497,无,39915.0,40100,,24795.84,泰豪软件100%股权,21657.92,20469,16680.25,3308.7,40100.0,报告书为草案，未见修订稿。,2011-06-30 00:00:00,1.40404070682,0,集团整体上市,齐鲁证券,信息技术业,股份,电气设备
启明星辰,,10.6174452793,3664.9,2950,3420,2012-04-05 00:00:00,2012.0,收益法,,信息安全服务,002439.SZ,8.86790908347,,32440.0,32500,,17311.05,网御星云的100%股权,22420.75,2595.679182,7449.726936,3061,32500.0,,2010-12-31 00:00:00,3.36257600838,0,产业并购,太平洋证券,信息技术业,股份71.3%+现金28.7%,计算机
汉缆股份,,14.020209333699999,2400,2650,2750,2012-04-05 00:00:00,2012.0,收益法,,电缆制造,002498.SZ,10.0853791667,,24000.0,24204.91,,15999.74,常州八益电缆股份有限公司100%股权,23654.05,,13825.76,1726.43,24204.91,,2011-09-30 00:00:00,0.750710991656,0,产业并购,华泰联合,机械、设备、仪表,股份80%+现金20%,电气设备
双汇发展,,14.2244967459,191215,248495,314697,2012-04-05 00:00:00,2012.0,收益法,,食品加工,000895.SZ,13.6590957822,,2611824.0,2611824,,,拟注入资产：置入资产、罗特克斯认股资产和被吸并资产,2281997.19,80244.69,560014.86,183614.51,2611824.0,,2011-08-31 00:00:00,3.66384767004,0,集团整体上市,中金,食品、饮料,股份100%,食品饮料
广日股份,,11.9466767731,32220.77,,,2012-04-24 00:00:00,2012.0,资产基础法,,电梯制造,600894.SH,7.15153176041,,230427.86,248000,,230427.86,拟置出资产:广钢股份持有的经审计及评估确认的全部资产及负债,145605.54,24692.79,151468.51,19288.03,230427.86,,2010-12-31 00:00:00,0.521292181457,0,借壳上市,华泰联合,机械、设备、仪表,股份100%,机械设备
四川路桥,,5.655022388810001,40238.82,38280.76,38984.04,2012-04-28 00:00:00,2012.0,收益法,,工程施工,600039.SH,6.21713882266,,250170.33,250170.33,,199069.88,四川公路桥梁建设集团有限公司,1032106.37,45749.62,156248.36,44238.61,250170.33,,2011-05-31 00:00:00,0.601106917218,0,集团整体上市,中信证券,建筑业,股份100%,建筑装饰
华联矿业,,7.9787538301,18899.29,21499.58,20671.16,2012-04-28 00:00:00,2012.0,资产基础法,,铁矿开采,600882.SH,10.3803825435,,196181.86,199612.22,,196181.87,置入：山东华联矿业股份有限公司100%股权,99299.52,24527.06,85043.91,24588.03269,196181.86,,2011-03-31 00:00:00,1.30683020101,0,借壳上市,华泰联合,采掘业,股份100%,采掘
粤电力A,,,,,,2012-05-29 00:00:00,2012.0,资产基础法,,火力发电,000539.SZ,,,746292.55,836295.54,,746292.55,深圳市广前电力有限公司60%股权、广东惠州天然气发电有限公司35%股权、广东粤电石碑山风能开发有限公司40%股权、广东惠州平海发电厂有限公司45%股权、广东红海湾发电有限公司40%股权、广东国华粤电台山发电有限公司20%股权、广东省电力工业燃料有限公司15%股权,,,475524.91,,746292.55,,2011-06-30 00:00:00,0.5694078991570001,0,集团整体上市,中金,电力、煤气及水的生产和供应业,股份100%,公用事业
瑞茂通,303000,9.22437429763,37706.7,,,2012-05-29 00:00:00,2012.0,收益法,,煤炭物流,600180.SH,8.03570718201,不适用,298800.0,298800,,,江苏晋和、徐州怡丰、邳州丰源各100%股权,,31415.07,72927.556931,32847.756414,303000.0,,2011-06-30 00:00:00,3.15480804172,无,借壳上市,齐鲁证券,批发和零售贸易,100%股份,交通运输
电广传媒,,,,,,2012-05-29 00:00:00,2012.0,收益法,,有线电视网络运营,000917.SZ,,不适用,150150.29,150150.29,,,惠心公司、惠德公司、惠悦公司、惠润公司,,,140148.93,未列示,150150.29,,2011-05-31 00:00:00,0.07136237144299999,无,集团整体上市,招商证券,传播与文化产业,100%股份,传媒
宏发股份,,14.7429207596,31668.578994,,,2012-05-29 00:00:00,2012.0,收益法,,电气设备,600885.SH,10.0047820289,不适用,237659.61,316837.23,,,厦门宏发75.01%的股权,,29029.813862,94119.28,21490.804649,316837.23,,2011-09-30 00:00:00,2.3663371628,无,借壳上市,西南证券,机械、设备、仪表,100%股份,电气设备
恒泰艾普,,,,,,2012-06-08 00:00:00,2012.0,收益法,,石油开采特种设备,300157.SZ,,不适用,36400.0,,,,廊坊新赛浦100%股权,,,8225.13,,36476.75,,2011-09-30 00:00:00,3.4347931278900004,无,产业并购,华泰联合,石油和天然气采选服务业,股份+现金,采掘
轻纺城,,,3983.39,6920.43,8442.36,2012-06-08 00:00:00,2012.0,收益法,,商业零售,600790.SH,60.6579320629,不适用,241624.2,61792.23,,55392.19,东升路市场资产和北联市场资产及相应的预收租金、保证金等款项,,,205404.14,未列示,241624.2,,2011-09-30 00:00:00,0.176335588952,无,集团整体上市,财通证券,批发和零售贸易,股份+现金,商业贸易
华数传媒,,,13290.9,,,2012-06-08 00:00:00,2012.0,收益法,,有线电视网络运营,000156.SZ,12.837204403,不适用,195618.0,170618,,67575.82,华数传媒100%的股权,,9026.93,30482.92,未列示,170618.0,,2010-09-30 00:00:00,4.59716720052,无,借壳上市,中银国际,传播与文化产业,100%股份,传媒
金鸿能源,,13.6716516889,20358.473196,,,2012-06-08 00:00:00,2012.0,收益法,,石油开采服务,000669.SZ,11.6252072403,不适用,236671.47,236671.47,,142679.56,置入资产：中油金鸿100％股权,,,99386.55,17311.110273,236671.47,,2010-06-30 00:00:00,1.38132292549,无,集团整体上市,民生证券,石油和天然气采选服务业,100%股份,公用事业
阳煤化工,,,,,,2012-06-12 00:00:00,2012.0,资产基础法,,煤化工,600691.SH,,不适用,489679.26,,,,阳煤化工100%股权、顺化工51.69%股权、、正元化工60.78%股权、齐鲁一化17.97%股权,,,,,,,2010月11月30日,,无,借壳上市,宏源证券,石油、化学、塑胶、塑料,100%股份,化工
湖北广电,,,,,,2012-06-12 00:00:00,2012.0,资产基础法、收益法,,有线电视网络运营,000665.SZ,,不适用,256132.1,,,,武汉塑料,,,188272.4,,256132.1,,2010-03-31 00:00:00,0.360433605775,无,借壳上市,东方证券,传播与文化产业,100%股份,传媒
科达洁能,,51.27765521590001,3901,4700.05,5695.73,2012-06-29 00:00:00,2012.0,收益法,,墙砖机械,600499.SH,8.34165598564,支付本次交易的现金对价,31000.0,32540.8,,9385.75,新铭丰公司100%的股权,5067.75,3264.77,4855.4,634.6,32540.8,,2011-12-31 00:00:00,5.701981299169999,1.05,产业并购,西南证券,机械、设备、仪表,股份+现金,机械设备
甘肃电投,,,,,,2012-07-10 00:00:00,2012.0,资产基础法,,水力发电,000791.SZ,,无,441264.32,446822.46,,441264.32,大容电力100%的股权、洮河水电100%的股权、西兴能源100%的股权、双冠水电100%的股权、炳灵水电90%的股权、九甸峡水电开发90%的股权、河西水电96.62%股权、小三峡32.57%的股权,,10769.43,297062.88,,441264.32,,2011-10-31 00:00:00,0.485423961419,无,借壳上市,西南证券,电力、煤气及水的生产和供应业,100%股份支付,公用事业
赤峰黄金,,26.730245839200002,23202.54,24142.03,24142.03,2012-07-10 00:00:00,2012.0,资产基础法,,黄金开采,600988.SH,6.870833538049999,无,159420.79,170273.3,,159420.79,吉隆矿业100.00%股权,17844.46,17989.13,13449,5964.06,159420.79,,2011-12-31 00:00:00,10.8537281582,无,借壳上市,西南证券,采掘业,100%股份支付,有色金属
靖远煤电,,1.2332612818700002,38215.62,39050.72,39374.1,2012-07-24 00:00:00,2012.0,资产基础法,,火力发电,000552.SZ,7.75894804271,无,296513.01,300384.82,,296513.01,靖远煤业集团白银洁能热电、靖远煤业工程勘察设计和甘肃晶虹储运100%股权,230721.4,37729.31,113353.73,240430,296513.01,,2011-09-30 00:00:00,1.61582049395,无,集团整体上市,华龙证券,采掘业,100%股份支付,采掘
东湖高新,110495.75,20.4393364297,7133.71,10097.91,11203.73,2012-07-24 00:00:00,2012.0,收益法,,工程施工,600133.SH,12.8930065842,补充流动资金,91974.97,91974.97,,,湖北省路桥集团100%股权,30037.87,7214.73,41451.26,4499.9,91974.97,,2011-12-31 00:00:00,1.2188703069600002,30658.32,集团整体上市,东海证券,建筑业,100%股份支付,综合
红日药业,,29.3618436342,6950.7,8193.46,10079.08,2012-07-24 00:00:00,2012.0,收益法,,制药,300026.SZ,13.814644568199999,支付本次交易的现金对价,34805.9,96021.45,,45947.27,康仁堂100%的股权,14284.46,6221.59,17908.71,3270.28,96021.45,,2011-12-31 00:00:00,4.3617178456699985,1.14,集团整体上市,西南证券,医药、生物制品,股份+现金,医药生物
茂业物流,,47.4964158553,3066,,,2012-08-28 00:00:00,2012.0,资产基础法,,物流服务,000889.SZ,19.6659328115,无,58000.0,65098.51,,60295.75,秦皇岛茂业100%股权,17787.83,1269.48,25732.39,1269.48,60295.75,,2011-12-31 00:00:00,1.34318498981,无,集团整体上市,华泰联合,批发和零售贸易,100%股份支付,商业贸易
大唐电信,,,26203.25,30353.63,33408.1,2012-09-12 00:00:00,2012.0,收益法,,芯片制造,600198.SH,8.164407086910003,发展标的资产主营业务和相关产业及补充流动资金,191057.85,213934,,108113.09,联芯科技99.36%股权、上海优思49%股权、优思电子100%,-,22051.89,64871.33,-,213934.0,,2012-02-29 00:00:00,2.29782047015,6.2925,集团整体上市,西南证券,信息技术业,100%股份支付,通信
山东路桥,,12.956034519500001,23497.46,25201.35,,2012-09-12 00:00:00,2012.0,资产基础法,,工程施工,000498.SZ,8.67462781084,无,20383.17,204000,,203831.72,路桥集团100%股权,733208.02,16294.54,174559.21,15732.57,203831.72,,2011-12-31 00:00:00,0.16769387304199998,无,借壳上市,国信证券,建筑业,100%股份支付,建筑装饰
南岭民爆,,13.975244653699999,13015.16,13101.02,,2012-09-12 00:00:00,2012.0,收益法,,基础化工、炸药,002096.SZ,13.5233714376,无,167384.41,176008.843,,137962.07,神斧民爆95.1%股权,96694.37,12732.51,111620.38,12594.33,176008.843,,2012-03-31 00:00:00,0.576852211039,无,集团整体上市,平安证券,石油、化学、塑胶、塑料,100%股份支付,化工
中航机电,,,26679.58,,,2012-09-14 00:00:00,2012.0,资产基础法,,航空制造业,002013.SZ,13.9386073544,无,371876.19,414885,,371876.02,庆安公司、陕航电气等7家公司100%股权,357749.32,27587.51,274047.83,-,371876.19,,2010-08-31 00:00:00,0.3569754958470001,无,集团整体上市,国泰君安,机械、设备、仪表,100%股份支付,国防军工
中恒电气,,60.5258173512,4160,5000,5600,2012-09-14 00:00:00,2012.0,收益法,,电力软件的开发、销售、服务及咨询,002364.SZ,9.17184375,无,38154.87,38154.87,,17310.14,中恒博瑞100%股权,7414.18,3500,11056.76,630.39,38154.87,,2011-12-31 00:00:00,2.45081832291,无,集团整体上市,中信建投,信息技术业,100%股份支付,电气设备
雷鸣科化,,5.48402171545,4933.33,5591.03,6059.88,2012-09-20 00:00:00,2012.0,收益法,,基础化工、炸药雷管,600985.SH,11.988839181600001,无,59144.9,59144.9,,25128.65,西部民爆100%股权,34047.52,4989.83,9203.11,10784.95,59144.9,,2011-09-30 00:00:00,5.42662100094,无,产业并购,国元证券,石油、化学、塑胶、塑料,100%股份支付,化工
万马股份,,14.2890653322,10005.43,10909.77,12163.51,2012-09-20 00:00:00,2012.0,收益法,,同轴电缆和光纤电缆的生产制造,002276.SZ,10.0455452689,补充流动资金,100510.0,100510,,36661.2,万马高分子、万马特缆、天屹通信的100%股权,146374.85,8764.59,28330.12,7034.05,100510.0,,2012-03-31 00:00:00,2.54781412857,2.51,集团整体上市,华林证券,石油、化学、塑胶、塑料,100%股份支付,电气设备
宏达矿业,,17.6413828721,-,-,,2012-09-20 00:00:00,2012.0,资产基础法,,铁矿采掘,600532.SH,,无,262341.3,299409.16,,262341.3,宏达矿业经营性资产及相关负债、金鼎矿业30%股权、东平宏达100%股权、万宝矿业100%股权,32934.69,24209.3,54182.47,14870.79,262341.3,,2011-03-31 00:00:00,3.84181138291,无,借壳上市,海通证券,采掘业,100%股份支付,采掘
新华锦,,,4957.14,5340.5,5806.56,2012-09-20 00:00:00,2012.0,收益法、资产基础法,,男发块、高档女装假发及其他发式假发产品的生产加工,600735.SH,9.59872426439,无,47582.22,47582.22,,-,锦盛发制品100%股权,,3462.47,26978.19,,47582.22,,2011-12-31 00:00:00,0.7637291456540001,无,集团整体上市,齐鲁证券,纺织、服装、皮毛,100%股份支付,商业贸易
金利科技,,8.4165154265,4497,4729,,2012-09-26 00:00:00,2012.0,收益法,,电子元器件制造业,002464.SZ,8.249944407380001,无,39400.0,37100,,7922.02,宇瀚光电科技（苏州）100%股权,9040.74,4015,7168.02,4408,37100.0,,2011-09-30 00:00:00,4.1757668086900015,无,产业并购,国信证券,电子,51%股份+49%现金,化工
宁波建工,,44.859685665600004,4437,4905,,2012-09-26 00:00:00,2012.0,收益法,,市政建设,601789.SH,11.212494929000002,增加标的公司注册资本以发展其主营业务,49749.84,49749.84,,26915.84,市政集团100%的股权,122123.71,4436,9498.25,1109.01,49749.84,,2011-12-31 00:00:00,4.2377901192300005,1.66,集团整体上市,中投证券,建筑业,84%股份+16%现金,建筑装饰
宝利来,,18.0362056481,4444.685278,,,2012-09-26 00:00:00,2012.0,资产基础法,,酒店行业,000008.SZ,14.0099908329,无,44510.37,62270,,60158.07,宝利来投资100%的股权,29918.53,4001.713897,44678.88,3452.5,62270.0,,2012-03-31 00:00:00,0.393723387874,无,集团整体上市,长城证券,社会服务业,100%股份支付,休闲服务
郑州煤电,,9.53086303974,39785.94,36410.33,37343.14,2012-10-19 00:00:00,2012.0,收益法,,煤炭,600121.SH,10.6262503789,向白坪煤业增资、购置井下紧急避险系统和补充营运资金,422775.36,422775.36,,336667.96,白坪煤业100%股权、新郑煤电100%股权、教学二矿100%股权、芦沟煤矿和本部煤炭业务相关的部分资产及负债,325542.13,50254.13,195745.65,44358.56,422775.36,,2011-12-31 00:00:00,1.15981995002,10.12,集团整体上市,中原证券,采掘业,100%股份支付,采掘
京能电力,,14.133472291199999,68157.27,54653.52,55618.98,2012-11-01 00:00:00,2012.0,资产基础法,,燃料采购、发电业务,600578.SH,13.5042442281,补充流动资金,920412.42,-,,920412.42,京能国际煤电业务经营性资产,200810.79,78832.41,469609.37,65122.88,920412.42,,2011-12-31 00:00:00,0.959953269246,25,集团整体上市,中信建投、中银国际,电力、煤气及水的生产和供应业,100%股份支付,公用事业
均胜电子,,786.2507612210001,17646.12,19322.09,,2012-11-09 00:00:00,2012.0,收益法,,汽车电子零部件制造,600699.SH,11.4358918774,补充营运资金,185212.71,213735.29,,194285.73,德国普瑞控股100%股权和德国普瑞5.10%股权,333541.17,15058.35,76087.39675,256.66,201799.120375,,2011-12-31 00:00:00,1.6522016653799998,4.87,集团整体上市,海通证券,机械、设备、仪表,股份支付+现金支付,汽车
华帝股份,,9.2820996703,4179.11,4392.52,4564.85,2012-11-20 00:00:00,2012.0,收益法,,电器机械及器材制造-厨电产品,002035.SZ,9.1213607682,用于补充公司流动资金和支付重组对价,38000.0,38119.17,,25910.16,百得厨卫100%股权,71452.85,3808.06,23267.08,4106.74,38119.17,,2012-06-30 00:00:00,0.638330637106,1.2,产业并购,华泰联合,机械、设备、仪表,87%股份支付+13%现金支付,家用电器
漳泽电力,,8.27333831001,42375.42,,,2012-11-29 00:00:00,2012.0,资产基础法,,火力发电,000767.SZ,7.41200983967,补充本公司营运资金,241404.53,325071.25,,314087.03,塔山发电60%股权、同华发电95%股权、王坪发电60%股权、大唐热电88.98%股权,487967.23,36346.82,285536.34,37963.76,314087.03,,2012-03-31 00:00:00,0.0999896895786,8,借壳上市,中德证券,电力、煤气及水的生产和供应业,100%股份支付,公用事业
光迅科技,,11.9458620042,4756,5528,6081,2012-11-29 00:00:00,2012.0,收益法,,电信、数据通信、模拟等应用领域涉及的光电/电光芯片、器件及模块的研发、生产和销售。,002281.SZ,12.8343166526,补充流动资金,61040.01,61040.01,,56451.57,烽火科技持有的电信器件100%的股权,97287.45,4115,27662.94,5109.72,61040.01,,2012-04-30 00:00:00,1.20656264302,0.75,集团整体上市,广发证券,电子,100%股份支付,通信
白云山,,,,,,2012-11-30 00:00:00,2012.0,,,,600332.SH,,,,,,,,,,,,,,2011-12-31 00:00:00,,,集团整体上市（换股吸收合并）,国泰君安、广州证券,医药、生物制品,股份+现金,医药生物
奥康股份,,6.227773955669999,46623.39,,,2012-11-30 00:00:00,2012.0,资产基础法,,汽车零部件制造,000030.SZ,9.31760453283,无,434418.31,,,475344.87,富奥股份100%股权,561418,43588.52,233291.54,69754.99,434418.31,,2011-10-31 00:00:00,0.8621262905629999,无,借壳上市,中信证券,机械、设备、仪表,100%股份支付,汽车
白云山,,,,,,2012-11-30 00:00:00,,资产基础法、收益法,,,600332.SH,,无,,,,,白云山药业100%股权及广药集团资产,,,4718.86382717,,42155.97,,2011-12-31 00:00:00,7.9335,无,集团整体上市（换股吸收合并）,国泰君安,医药、生物制品,100%股份支付,医药生物
山东地矿,,16.9649984868,12857.6,15677.86,21439.65,2012-12-07 00:00:00,2012.0,资产基础法,,铁矿采掘,000409.SZ,14.0383726356,无,180499.78,181051.33,,180499.78,鲁地投资100%股权,28869.08,8048.26,87781.43,10639.54,180499.78,,2012-05-31 00:00:00,1.05624105235,无,借壳上市,广东证券,采掘业,股份100%支付,
五矿稀土,,,36624.18,,,2012-12-07 00:00:00,2012.0,资产基础法,,稀土采掘,000831.SZ,7.1191567975,提升重组资产绩效及补充流动资金,265638.21,334609.56,,260733.28,五矿赣州稀土100%、稀土研究院100%,,53584.15,226147.87,,260733.28,,2012-06-30 00:00:00,0.152932724947,2.25,借壳上市,长城证券,采掘业,股份100%支付,有色金属
同方国芯,115522.67～125149.56,28.437360246399997,8600.35,11533.2,14770.99,2012-12-07 00:00:00,2012.0,收益法,,电子元器件制造业、特种行业集成电路产品的研发设计,002049.SZ,13.160737644400001,补充流动资金,115785.0,113186.95,,,国微电子100%的股东权益,15762.13,7443.06,14599.6,3980.22,113186.95,,2012-06-30 00:00:00,6.75274322584,1.3,产业并购,华泰联合,电子,股份100%支付,电子
普洛药业,,14.7501587253,10066.99,12177.34,13328.42,2012-12-13 00:00:00,2012.0,收益法,,原料药、化学药,000739.SZ,9.50797904836,补充流动资金,95716.73,95716.73,,57870.94,康裕医药100%股权、康裕生物100%的股权、得邦制药100%的股权以及横店进出口拥有的医药进出口业务相关资产,-,6738.19,42352.23,6489.2,95716.73,,2011-12-31 00:00:00,1.26001629666,3,集团整体上市,西南证券,医药、生物制品,股份100%支付,医药生物
银泰资源,,13.8961689462,27953.53,30056.02,,2012-12-13 00:00:00,2012.0,资产基础法,,铅锌银矿,000975.SZ,11.9315435296,用于补充公司流动资金和支付重组对价,229267.0,333528.76,,330030.22,玉龙矿业股东全部权益价值,36937.3,43209.64,53264.2,24001.49,333528.76,,2011-12-31 00:00:00,5.26178108373,2.5,产业并购,国都证券,采掘业,股份支付+现金支付,有色金属
置信电气,,47.7325716742,14408.2,,,2012-12-14 00:00:00,2012.0,收益法、资产基础法,,电气类：非晶和硅钢配电变压器业务的生产制造,600517.SH,5.55002706792,无,79965.9,113900,,85044.45,上海联能66%股权、福建和盛60%股权、山东爱普49%股权、山西晋能49%股权、河南豫缘30%股权、河南龙源30%股权、帕威尔电气90%股权、重庆亚东亚78.995%股权、宏源电气77.5%股权,187869.18,11469.28,54767.76,1675.29,79965.9,,2012-08-31 00:00:00,0.460090754122,无,集团整体上市,中信证券,机械、设备、仪表,股份100%支付,电气设备
盛屯矿业,-,-483.611008264,3041.9,12474.63,15681.32,2012-12-14 00:00:00,2012.0,资产基础法,,铅锌矿,600711.SH,48.0924192117,无,146292.33,-,,146258.7,深圳源兴华100%股权、埃玛矿业55%股权,-,-632,12913.63,-302.5,146292.33,,2011-12-31 00:00:00,10.3285211052,无,集团整体上市,银河证券,采掘业,股份100%支付,有色金属
中核钛白,,7.371475876439999,8846.49,16686.48,17167.85,2012-12-19 00:00:00,2012.0,收益法,,钛白粉,002145.SZ,7.16668418774,补充流动资金,63400.0,63400,,46906.28,金星钛白100%股权,100186.6,2758.46,32567.63,8600.72,63400.0,,2012-07-31 00:00:00,0.946718259818,2.13,借壳上市,信达证券,石油、化学、塑胶、塑料,股份100%支付,化工
建新矿业,,7.140158306,27752.22,32986.51,33067.93,2012-12-19 00:00:00,2012.0,资产基础法,,铅锌矿、硫铁矿,000688.SZ,7.8169937396,无,216938.93,218060.31,,216938.93,东升庙矿业100%股权,67900,34557.72,72576.12,30382.93,216938.93,,2012-06-30 00:00:00,1.98912273073,无,借壳上市,中信建投,采掘业,股份100%支付,有色金属
深圳能源,"10,394,25",8.80173038236,65675.6,,,2012-12-20 00:00:00,2012.0,资产基础法,,电力供应,000027.SZ,15.8523297846,无,1041111.27,,,1041111.27,深能管理公司100%股权,,61896.02,860692.93,118284.84,1041111.27,,2012-06-30 00:00:00,0.209619869888,无,集团整体上市,第一创业,电力、煤气及水的生产和供应业,股份+现金,公用事业
盛和资源,,4.04401209551,15421.35,,,2012-12-20 00:00:00,2012.0,收益法,,稀土加工,600392.SH,14.268257318599998,无,220035.79,220035.79,,66142.21,盛和稀土99.9999%股权,99917.55,15342.15,59705.86,54410.27,220035.79,,2012-03-31 00:00:00,2.6853298821900005,无,集团整体上市,西部证券,金属、非金属,股份100%支付,有色金属
上峰水泥,384411.88,3.33167431395,18386.31,,,2012-12-26 00:00:00,2012.0,资产基础法,,水泥制造,000672.SZ,12.004402188399999,无,220716.66,,,339455.89,上峰建材100%股权、铜陵上峰35.5%股份,-,10496.43,184158.11,66247.97,220716.66,,2012-08-31 00:00:00,0.19851718721500006,无,借壳上市,海通证券,金属、非金属,股份100%支付,建筑材料
路翔股份,,104.49113341200001,642.9,,,2012-12-28 00:00:00,2012.0,资产基础法,,锂辉石矿,002192.SZ,41.221247472399995,补充流动资金,26501.14,26846.708,,26501.1404,融达锂业100%的股权,,590,2604,253.620945,26501.14,,2012-05-31 00:00:00,9.1770890937,0.83,产业并购,新时代证券,采掘业,股份100%支付,化工
华泽钴镍,,24.535588404099997,17879.42,18753.36,20896.7,2012-12-28 00:00:00,2012.0,资产基础法,,钴镍铁矿,000693.SZ,11.049304731400001,无,189080.13,198835.78,,197555.16,陕西华泽100%股权,103940.68,14434.52,55267.4,8051.78,197555.16,,2011-06-30 00:00:00,2.57453326916,无,借壳上市,国信证券,采掘业,股份100%支付,有色金属
首钢股份,,72.8369732608,70727,64018.89,,2013-01-16 00:00:00,2013.0,资产基础法,,钢铁行业,000959.SZ,27.2906370976,无,1930184.89,1808490,,1930184.89,首钢迁钢公司的全部相关资产,1835042.52,78308.3,1793412.7,26500.07,1930184.89,,2011-09-30 00:00:00,0.0762636452837,无,集团整体上市,中信证券,金属、非金属,股份100%支付,钢铁
刚泰控股,-,28.634970123000002,13093.97,20305.73,27368.74,2013-01-16 00:00:00,2013.0,资产基础法,,金矿开采,600687.SH,19.7592899632,补充流动资金、增加地质勘探投入、择机进行现有矿权开发建设、扩大产能及偿还现有借款,257506.13,258727.55,,257506.13,大冶矿业100%股权,158088.1,555.89,29767.19,9035.37,258727.55,,2012-06-30 00:00:00,7.69170217276,8.58,借壳上市,中金,采掘业,股份100%支付,有色金属
*ST京城,-,,-,-,-,2013-01-21 00:00:00,2013.0,资产基础法,,"工业机械,气体储运装备业务",600860.SH,,无,91935.67,-,,91935.67,天海工业71.56%股权;京城香港100%股权;京城环保100%股权,-,-,55176.33,-,91935.67,,2012-03-31 00:00:00,0.6662157486729999,无,集团整体上市,中信证券,机械、设备、仪表,股份100%支付,机械行业——专用设备制造
梅泰诺,-,10.0831095263,2909.87,3406.41,3500,2013-01-21 00:00:00,2013.0,收益法,,信息技术咨询与其他服务,300038.SZ,6.214531920669999,无,17500.0,18083.48,,8270.03,金之路100%股权,10890.87,2500,7334.14,1793.442782,18083.48,,2012-06-30 00:00:00,1.46565786854,无,产业并购,国海证券,信息技术业,股份100%支付,通信
西部建设,-,15.994642221600001,29126.29,33013.18,39813.09,2013-01-21 00:00:00,2013.0,收益法,,建材(商品混凝土制造行业),002302.SZ,8.177087435439999,补充公司流动资金,238168.22,238168.22,,172102.36,中建商混;天津新纪元各100%股权;山东建泽55%股权,328893.8,20916.19,112345.85,14890.5,238168.22,,2012-04-30 00:00:00,1.11995565479,5.95,借壳上市,瑞银证券,建筑业,股份100%支付,建筑材料
威远生化,-,15.6403697847,67679.1,74907.97,,2013-01-31 00:00:00,2013.0,收益法,,煤炭行业,600803.SH,10.652855756100001,支付本次交易的现金对价,720000.0,745341.61,,756267.05,新能矿业100%股权,293625.02,62945.57,236702.69,46097.1,720975.69,,2012-12-31 00:00:00,2.04591253272,5,借壳上市,国信证券,采掘业,股份+现金,化工
金浦钛业,-,10.272416964400001,9477.11,-,14215.67,2013-02-06 00:00:00,2013.0,资产基础法,,化学原料及化学制品制造业（钛白粉）,000545.SZ,10.3362164204,无,97957.46,104649.01,,97957.46,南京钛白100%股权,,7549.03,63370.71,9535.97,97957.46,,2012-09-30 00:00:00,0.5457844799279999,无,借壳上市,华泰联合,石油、化学、塑胶、塑料,股份100%支付,化工
兰州民百,-,20.8718431878,3435.14,4325.62,4660.44,2013-02-21 00:00:00,2013.0,收益法,,百货商店,600738.SH,18.2525311923,无,62700.0,62700,,60175.87,南京环北100%股权,7202.3,3181.7,47009.48,3004.0471,62700.0,,2012-03-31 00:00:00,0.333773528233,无,集团整体上市,银河证券,批发和零售贸易,股份100%支付,商业贸易
神奇制药,-,,12536.38,15034.4,,2013-03-07 00:00:00,2013.0,收益法,,中药,600613.SH,15.9642967109,补充流动资金和标的资产的业务整合,200134.49,200134.487565,,70769.89,神奇药业及柏强制药各100%股权,-,10891.75,110380.19,-,200134.49,,2012-03-31 00:00:00,0.8131377559690001,5,集团整体上市,广发证券,医药、生物制品,股份100%支付,医药生物
国睿科技,,,3918.76,3733.32,4883.12,2013-03-07 00:00:00,2013.0,资产基础法,,微波与信息技术,600562.SH,16.512386571300002,无,64708.08,70570.05,,64708.08,南京恩瑞特实业100%股权、芜湖国睿兆伏电子100%股权等电子类资产,,-,31482.86,-,64708.08,,2009-06-30 00:00:00,1.05534312956,无,集团整体上市,南京证券,电子,股份100%支付,建筑材料
鸿达兴业,-,32.2166520146,29517.53,42381.42,,2013-03-25 00:00:00,2013.0,收益法,,化工（PVC、烧碱）,002002.SZ,8.50434707782,无,251027.32,251027.32,,125559.06,内蒙古乌海化工100%股权,138070.5,13428.76,112266.95,7791.85,251027.32,,2012-02-29 00:00:00,1.2359859246200002,无,借壳上市,华泰联合,石油、化学、塑胶、塑料,股份100%支付,化工
华星创业,-,,7107.85,8263.78,9499.13,2013-03-25 00:00:00,2013.0,收益法,,"通信设备,信息技术服务",300025.SZ,8.223161715569999,无,28675.11,58449,,51801.23,远利网讯99%股权;鑫众通信39%股权;明讯网络39%股权,-,4486.5,19789.51,-,58449.0,,2012-08-31 00:00:00,1.95353447357,无,产业并购,申银万国,信息技术业,股份100%支付,通信
新海宜,-,27.1471623283,4191.22,5851.19,7758.44,2013-03-25 00:00:00,2013.0,收益法,,数据处理与外包服务,002089.SZ,13.5911906318,无,15012.61,56963.67,,27859.76,深圳易软技术26.3669%股权,31303.5,3690.688882,26140.85,2098.328706,56963.67,,2012-06-30 00:00:00,1.17910549963,无,产业并购,兴业证券,信息技术业,股份100%支付,通信
北京利尔,-,,-,-,-,2013-04-02 00:00:00,2013.0,资产基础法,,菱镁矿采掘、高温隧道窑2条,002392.SZ,,无,66931.45,,,66931.45,金宏矿业100%股权;辽宁中兴100%股权,-,-,15392.8,-,66931.45,,2012-07-31 00:00:00,3.34823099111,无,产业并购,齐鲁证券,采掘业,股份100%支付,建筑材料
新大新材,-,12.315376828699998,6008.67,10000,,2013-04-11 00:00:00,2013.0,资产基础法,,光伏刃料,300080.SZ,15.087951243800001,无,88973.38,90658.52,,88973.38,易成新材100%股权,,2722.05,86997.66,7361.408527,90658.52,,2012-09-30 00:00:00,0.0420799823811,无,产业并购,国信证券,金属、非金属,股份100%支付,机械设备
中国医药,-,,,,,2013-04-11 00:00:00,2013.0,资产基础法、收益法,,制药,600056.SH,,补充流动资金和标的资产的业务整合,30366.67,30366.67,,30366.67,新兴华康100%股权、三洋公司35%股权、医控公司持有的武汉鑫益51%股权及天方集团持有的新疆天方65.33%股权,,,35186.45,,17622.83,,2012-06-30 00:00:00,-0.499158624982,9.91,集团整体上市,中金、中信建投,医药、生物制品,股份100%支付,医药生物
云天化,-,,,,,2013-04-11 00:00:00,2013.0,资产基础法,,"化肥与农用化工,基础化工,贸易公司与工业品经销商",600096.SH,,无,1378798.0,,,1378798,云天化国际100%股权;磷化集团100%股权;天安化工40%股权等,,,749204.26,,1378798.0,,2011-12-31 00:00:00,0.840349920061,无,集团整体上市,中金,石油、化学、塑胶、塑料,股份100%支付,化工
天方药业,,,,,,2013-04-11 00:00:00,2013.0,,,制药,600253.SH,,无,,,,,,,,,,,,2012-06-30 00:00:00,,无,集团整体上市,中金、中信建投,医药、生物制品,股份100%支付,医药生物
联环药业,-,12.434849259100002,654.36,677.59,704.51,2013-05-14 00:00:00,2013.0,收益法,,制药,600513.SH,7.43780182163,无,4867.0,4867,,4846.71,扬州制药100%股权,21826,535.01,2615.33,391.4,4867.0,,2012-07-31 00:00:00,0.860950625734,无,集团整体上市,光大证券,医药、生物制品,股份100%支付,医药生物
盛运股份,-,29.665263678000002,6748.81,8300,8919.26,2013-05-21 00:00:00,2013.0,收益法,,环境与设施服务(垃圾焚烧发电),300090.SZ,9.78554885972,支付本次交易的现金对价,53040.0,66040.81,,62012.31,中科通用80.36%股权,21789.65,6948.17,22175.62,2226.2,66040.81,,2012-09-30 00:00:00,1.97808178531,1.76,产业并购,华泰联合,社会服务业,股份+现金,公用事业
掌趣科技,-,57.2698323717,7485,9343,11237,2013-05-31 00:00:00,2013.0,收益法,,家庭娱乐软件,300315.SZ,11.1919866399,,81009.0,83772.02,,5916.62,动网先锋100%股权,8360.43,5708.43,5115.68,1462.76,83772.02,,2012-12-31 00:00:00,15.3755395177,2.7,产业并购,华泰联合,信息技术业,股份+现金,传媒
山西证券,113740.17,25.8583250542,4204.65,,,2013-05-31 00:00:00,2013.0,市场法,,期货公司,002500.SZ,27.0510434876,无,113740.17,-,,245884.83,格林期货100%股权,18377.78,3712.64,38586.93,4398.59,113740.17,,2012-08-31 00:00:00,1.94763460063,无,产业并购,中信证券,金融、保险业,股份+现金,非银金融
山鹰纸业,-,23.0250725185,17593.64,28390.31,42635.84,2013-06-14 00:00:00,2013.0,收益法,,纸制品,600567.SH,16.9322550649,补充流动资金,297463.97,297900,,231886.2,吉安集团99.85%股权,418407,5769.96,165439.87,12938.07,297900.0,,2012-09-30 00:00:00,0.8006542195659999,9.91,借壳上市,华林证券,造纸、印刷,股份100%支付,轻工制造
武汉控股,,31.330290624899998,17189.278973,,,2013-06-14 00:00:00,2013.0,资产基础法,,水务、污水处理类,600168.SH,13.4681245423,向排水公司增资方式用于排水公司污水处理厂的改扩建项目,231690.81,220593.85,,231507.35,城排发展100%股权,46628.01,21095,174540.01,7389.25,231507.35,,2012-03-31 00:00:00,0.326385566266,7.6,集团整体上市,申银万国,社会服务业,股份100%支付,公用事业
天山纺织,-,-270.229013939,6885.5,10010.53,10010.53,2013-06-26 00:00:00,2013.0,资产基础法,,采掘业（铜锌矿）,000813.SZ,11.4029540338,无,58886.28,78703.08,,78515.04,西拓矿业75%股权,20.11,0.11,20244.96,-290.55,78515.04,,2012-10-31 00:00:00,2.87825117955,无,借壳上市,宏源证券,采掘业,股份100%支付,综合
同方股份,"147,330.58~
159,608.13",34.1189674523,7811.76,11262.41,14556.4,2013-06-26 00:00:00,2013.0,收益法,,软件开发、平板电脑产品设计,600100.SH,17.5120587422,支付现金对价,145000.0,136800,,-,壹人壹本100%股权,55887.3,5045.631161,23992.07,4009.5,136800.0,,2012-12-31 00:00:00,4.7018839975,3.63,产业并购,西南证券,信息技术业,75%股份+25%现金,计算机
卧龙电气,-,20.0282421042,14585.93,17850.28,21034.4,2013-06-27 00:00:00,2013.0,收益法,,电器机械及器材制造业,600580.SH,14.3228570273,支付现金对价,208912.19,208912.19,,220231.38,香港卧龙100%股权,67235.3,11689.34,103016.75,10430.88,208912.19,,2012-12-31 00:00:00,1.02794390233,3.13368,集团整体上市（跨境并购）,海通证券,机械、设备、仪表,85%股份+15%现金,电气设备
美的集团,,,,,,2013-06-27 00:00:00,2013.0,,,家用电器,000333.SZ,,无,3058290.43,,,,美的电器58.83%股权,,,,,0.0,未找到该公司该交易的有关交易报告书及评估报告,2010-12-31 00:00:00,,无,集团整体上市（上市公司换股吸收合并）,中信、中金,机械、设备、仪表,股份+现金,家用电器
吴通通讯,-,152.654809437,2500,3000,3500,2013-07-03 00:00:00,2013.0,收益法,,通信设备：3G、LTE 数据类移动通讯终端产品,300292.SZ,6.729024000000001,支付现金对价,16800.0,16822.56,,3614.02,宽翼通信100%股权,4990.69,1902.7,2766.5,110.2,16822.56,,2012-12-31 00:00:00,5.08080968733,0.3,产业并购,华西证券,信息技术业,股份+现金,通信
蓝色光标,180958.16,9.34552560853,23805,27376,28745,2013-07-10 00:00:00,2013.0,收益法,,广告、平面媒体、营销服务,300058.SZ,7.601687040539999,支付现金对价,160200.0,180337.64,,-,博杰广告89%股权,118961.21,20700,25515.33,19363.08,180958.16,,2013-02-28 00:00:00,6.0921348068,5.34,产业并购,华泰联合,传播与文化产业,股份+现金,传媒
江南红箭,-,10.1894255807,38699.56,42068.81,45679.02,2013-07-10 00:00:00,2013.0,收益法,,钻石加工制造、超硬材料行业,000519.SZ,10.2591094059,投资建设南阳大颗粒钻石产品生产线建设项目等五个募投项目,397023.02,397023.02,,318129.17,中南钻石100%股权,158193.11,34391.85,125482.46,38964.22,397023.02,,2012-07-31 00:00:00,2.16397223963,13.23,借壳上市,中信证券,金属、非金属,股份100%支付,机械设备
莱美药业,-,349511.5,,,,2013-08-01 00:00:00,2013.0,资产基础法,,西药（抗感染类）,300006.SZ,,补充流动资金和并购完成后的业务整合,33952.55,-,,41941.38,莱美禾元80.95%股权,0,145.56,41937.05,0.12,41941.38,,2013-03-31 00:00:00,0.000103249990164,1.1,集团整体上市,国金证券、天风证券,医药、生物制品,股份+现金,医药生物
恒泰艾普,-,,6666.7,8342.16,9283.05,2013-08-01 00:00:00,2013.0,收益法,,"石油天然气设备与服务,信息技术咨询与其他服务(采掘服务业)",300157.SZ,10.7583827081,无,35144.09,71722.91,,17784.44,博达瑞恒和西油联合各49%股权,-,5637.72,16379.79,-,71722.91,,2012-12-31 00:00:00,3.37874417193,无,产业并购,华泰联合,采掘业,股份100%支付,采掘
哈飞股份,,,-,-,-,2013-08-08 00:00:00,2013.0,资产基础法,,"航天航空与国防,综合类行业",600038.SH,,补充流动资金,332046.67,-,,332046.67,昌飞零部件100%股权;惠阳公司100%股权;天津公司100%股权;昌河航空100%股权;直升机零部件生产相关的资产,-,-,272258.39,-,332046.67,分立基准日为2011年12月31日，于2012年3月31日业已独立存在且持续经营，分立基准日至2012年3月31日的损益由原股东承担，截止到12年9月份的净利润为1102.07,2012-03-31 00:00:00,0.219601239837,11.06,集团整体上市,银河证券,机械、设备、仪表,股份100%支付,国防军工
华谊嘉信,-,,4677,5207,5758,2013-08-14 00:00:00,2013.0,收益法,,广告,300071.SZ,8.44224502886,支付现金对价,20562.74,39484.38,,2990.83,"东汐广告49%股权,波释广告49%股权,美意互通70%权",-,2166.51788,2938.43,-,39484.38,,2012-12-31 00:00:00,12.437236891800001,0.52,产业并购,长城证券,社会服务业,股份+现金,传媒
中钨高新,-,,18904.55,24881.9,24929.8,2013-08-14 00:00:00,2013.0,资产基础法,,有色金属加工,000657.SZ,14.693131018699999,公司主营业务发展及偿还长期借款,273368.11,249944.18,,277767.03,株硬公司100%股权;自硬公司80%股权,-,-,184456.49,-,277767.03,2012年12月31日为修订稿补充评估基准日，原评估基准日为2011年12月31日,2011-12-31 00:00:00,0.505867481269,9.16,借壳上市,海通证券,金属、非金属,股份100%支付,有色金属
濮耐股份,-,15.7814929291,3710.85,4387.79,5108,2013-08-21 00:00:00,2013.0,收益法,,金属非金属,002225.SZ,11.8605413854,无,44012.69,44012.69,,19999.1,华威股份100%股权,28812.3,3876.638657,14599.47,2788.88,44012.69,,2012-12-31 00:00:00,2.01467724513,无,产业并购,东北证券,金属、非金属,股份100%支付,建筑材料
上海新阳,-,11.6524825436,3617,,,2013-08-21 00:00:00,2013.0,收益法,,环保型、功能性防腐涂料,300236.SZ,10.837710810099999,无,38980.44,39200,,17915.43,考普乐100%股权,,,17915.43,3364.09,39200.0,,2012-12-31 00:00:00,1.18805800363,无,产业收购,宏源证券,石油、化学、塑胶、塑料,100%股份,化工
鼎龙股份,-,9.68943732375,3840,4800,6000,2013-08-29 00:00:00,2013.0,收益法,,"打印机耗材，核心产品为再生彩
色硒鼓",300054.SZ,9.01059635417,募集资金拟以增资形式投入珠海名图，用于扩大珠海名图的生产经营,27275.0,34600.69,,10049.19,名图科技80%股权,,,6093.4,3570.97,34600.69,,2012-12-31 00:00:00,4.6783880920300005,0.91,产业收购,长江证券,电子,股份+现金,化工
东电B股,,,,,,2013-08-29 00:00:00,2013.0,,,火力发电,600023.SH,,无,,,,,,,,,,0.0,未找到该公司该交易的有关交易报告书及评估报告,,,无,集团整体上市,华鑫证券,电力、煤气及水的生产和供应业,100%股份（同时提供现金选择权）,
隆华节能,-,16.132548214,,,,2013-08-29 00:00:00,2013.0,收益法,,凝结水精处理系统、给水处理系统、废污水处理系统,300263.SZ,,无,54000.0,54011.84,,31627.87,中电加美100%股权,,,24250.46,3348.004251,54011.84,,2013-04-30 00:00:00,1.22725012227,无,产业收购,华泰联合,社会服务业,75%股权+25%现金,机械设备
天润乳业,-,18.579212035799998,1390.66,1735.42,2395.89,2013-08-30 00:00:00,2013.0,收益法,,乳制品的生产和销售,600419.SH,17.6038643522,无,23697.19349,24480.99,,23029.1,天润科技96.8%股权,,,21711.38,1317.654912,24480.99,,2012-12-31 00:00:00,0.127564899145,无,借壳上市,长城证券,食品、饮料,100%股份,综合
嘉应制药,-,12.924983033399998,5228.27,5825.11,7392.77,2013-09-04 00:00:00,2013.0,收益法,,中成药，特别是骨伤科产品,002198.SZ,12.0207506498,无,40515.34,62847.73,,17617.51,金沙药业64.47%股权,,,16400.97,4862.5,62847.73,,2012-12-31 00:00:00,2.83195201259,无,产业收购,中信建投,医药、生物制品,100%股份,医药生物
云南旅游,-,35.078055217199996,,,,2013-09-13 00:00:00,2013.0,资产基础法、收益法,,旅游类资产,002059.SZ,,全部用于云旅汽车建设旅游集散中心,65661.91,19600,,18990.22,世博出租;云旅汽车;花园酒店;云旅酒店管理各100股权,,1651.01,31339.14,1871.88,65661.91,,2013-03-31 00:00:00,1.09520459081,1.39,集团整体上市,西南证券,社会服务业,100%股份,休闲服务
罗平锌电,-,-204.817975008,409.99156,5330.63,8551.36,2013-09-13 00:00:00,2013.0,收益法,,铅锌矿采选及销售,002114.SZ,155.914648584,无,63000.0,28984.65,,-,向荣矿业;德荣矿业各100%股权,,,11377.21,-312.1,63923.69,,2012-12-31 00:00:00,4.61857344639,无,产业收购,兴业证券,采掘业,100%股份,有色金属
重庆钢铁,-,,,,,2013-09-25 00:00:00,2013.0,资产基础法,,钢铁生产相关的资产及配套公辅设施,601005.SH,,日常运营,1693695.27,-,,1963270.53,重钢集团资产,,,1818704.23,,1963270.53,,2012-03-31 00:00:00,0.0794886258114,不超过20亿元,集团整体上市,西南证券,金属、非金属,股份+现金+承接债务,钢铁
北部湾港,-,,44697.05,48054.88,,2013-09-25 00:00:00,2013.0,资产基础法,,港口,000582.SZ,11.5938353873,无,518210.24,436071.04,,378181.07,防城港100%股权;北拖57.57%股权;钦州港100%股权,,41110.52,205436.94,,518210.24,,2012-01-31 00:00:00,1.5224783819299998,无,借壳上市,招商证券,交通运输、仓储业,100%股份,交通运输
许继电气,-,,13348.18,15140.33,25416.16,2013-09-27 00:00:00,2013.0,收益法,,直流输电及电力电子业务、电动汽车充换电配套设备和电力电源业务,000400.SZ,14.4748782231,补充流动资金,193213.28,126936.67,,89701.04,许继电源75%股权;许继软件10%股权;上海许继电气50%股权等,,,64859.41,,193213.28,,2012-09-30 00:00:00,1.97895525106,4.5,集团整体上市,华英证券,机械、设备、仪表,100%股份,电气设备
天华院,-,12.2577721394,6054.53,6391.91,7056.75,2013-09-27 00:00:00,2013.0,收益法,,化工装备的设计、研发、生产和销售,600579.SH,9.94223994265,无,60195.59,60195.59,,58523.1,天华院100%的股权,,,54539.17,4910.81,60195.59,,2012-10-31 00:00:00,0.103712982798,无,集团整体上市,华泰联合,机械、设备、仪表,100%股份,机械设备
佛塑科技,34367,20.7573358008,2259.95,3152.43,3446.15,2013-10-17 00:00:00,2013.0,市场法,,提供塑料行业服务外包及供应链服务管理,000973.SZ,15.4848558596,无,18901.85,34995,,-,合捷国际55%股权,,,10690.6,1685.91,34995.0,,2012-12-31 00:00:00,2.2734364769,无,集团整体上市,中山证券,信息技术业,100%股份,化工
捷成股份,-,77.4203117852,719,905,1131,2013-10-17 00:00:00,2013.0,收益法,,内部网络控制技术产品、舞台 LED 灯具生产销售,300182.SZ,61.1975799722,无,23737.77,6820,,1669.5,极地信息、华晨影视和捷成优联各自49%的股权以及冠华荣信61.04%股权,,,9400.59,568.34,44001.06,,2012-12-31 00:00:00,3.68067004305,无,产业收购,华泰联合,信息技术业,股份+现金,计算机
福成五丰,-,18.8930662365,4478.342222,5506.134531,6426.340651,2013-10-22 00:00:00,2013.0,收益、资产基础法,,特色肥牛火锅，兼营烤肉、自助等餐饮业务,600965.SH,16.8689363731,无,75544.87,59355,,-,"福成肥牛,三河福成各100%股权",,,30374.03,3998.55,75544.87,,2012-12-31 00:00:00,1.48715333461,无,集团整体上市,西南证券,社会服务业,100%股份,农林牧渔
佳都科技,-,19.6536121185,4188.8,7007.22,10599.94,2013-10-22 00:00:00,2013.0,收益法,,轨道交通智能化系统的研发、集成和销售,600728.SH,27.0648180863,支付本次交易的现金对价之后，佳都新太计划优先向新科佳都进行增资,107569.11,99560.96,,13747.06,新科佳都100%股权;佳众联100%股权,,,13459.19,5768.36,113369.11,,2012-12-31 00:00:00,7.42317479729,3.59,借壳上市,东北证券,机械、设备、仪表,股份+现金,计算机
渤海股份,-,16.4421506251,5913.966936,,,2013-10-23 00:00:00,2013.0,资产基础法,,水务类业务,000605.SZ,16.8192130724,用于投资天津市北辰区双青片区北辰西道、七纬路污水干管及泵站工程BT项目和大邱庄综合污水处理厂BOT项目,91367.02,99468.27,,91367.02,滨海水业100%股权,,,51396.34,6049.59,99468.27,,2012-12-31 00:00:00,0.935318156896,3.05,借壳上市,兴业证券,社会服务业,100%股份,医药生物
荣之联,-,17.3771312231,6276,8312,10910,2013-10-23 00:00:00,2013.0,收益法,,基于移动互联网及物联网技术，向车辆或其他移动资源对象提供远程管理信息服务整体解决方案,002642.SZ,12.1716061185,无,56250.0,76389,,-,车网互联75%股权,,,16315.51,4395.95,76389.0,,2012-12-31 00:00:00,3.68198664951,无,产业收购,东方花旗,信息技术业,100%股份,计算机
宝鹰股份,-,16.3411971185,20550.72,26074.14,31555.62,2013-10-31 00:00:00,2013.0,收益法,,综合建筑装饰工程承建商,002047.SZ,12.1013735772,部品部件研发生产基地建设投资、工程施工项目资金,248691.94,248691.94,,70097.23,宝鹰股份100%股权,,,64683.5,15218.71,248691.94,,2012-12-31 00:00:00,2.84475082517,8,借壳上市,国金证券,建筑业,100%股份,建筑装饰
华闻传媒,-,6.47212457342,36758.42,40420.2,44438.25,2013-10-31 00:00:00,2013.0,资产基础法、收益法,,都市报经营业务、留学咨询服务,000793.SZ,8.56779562342,无,315012.5,-,,145279.31,华商传媒38.75%股权;华商数码20.4%股权;华商广告20%股权等,,,56791.81,48660.78,314938.63,,2012-12-31 00:00:00,4.54549379567,无,产业收购,渤海证券,传播与文化产业,100%股份,传媒
星星科技,-,16.250267735,9242.11675,11000,,2013-11-01 00:00:00,2013.0,收益法,,电容式和电阻式触摸屏触控模组,300256.SZ,9.21004379219,除支付现金对价外，其余配套融资用于深越光电的运营资金,83937.5,85120.3,,52240.13,深越光电的100%股权,,7234.137989,13397.76,5238.086005,85120.3,,2013-04-30 00:00:00,5.35332324209,2.78,产业收购,长江证券,电子,股份+现金,电子
东方国信,-,45.7493432203,1729.12,2200,,2013-11-01 00:00:00,2013.0,收益法,,冶金工业安全、高效运行综合解决方案提供商和冶金测控设备供应商；金融机构软件开发与服务,300166.SZ,12.488254140799999,无,21000.0,16294.82,,3824.92,"北科亿力,科瑞明100%股权",,1498.54,3574.78,472,21593.69,,2013-06-30 00:00:00,5.040564734049999,无,产业收购,华泰联合,信息技术业,股份+现金,计算机
华策影视,-,17.6550976996,18188.19,23693.7,24297.91,2013-11-04 00:00:00,2013.0,收益法,,影视剧的研究、制作、发行及其衍生业务,300133.SZ,9.08547579501,用于现金对价支付,165200.0,165248.36,,-,克顿传媒100%股权,,14095.32,33261.73,9359.81,165248.36,,2013-03-31 00:00:00,3.96812282464,2.9,产业收购,东方花旗,传播与文化产业,股份+现金,传媒
中技控股,-,18.5095429469,14873.6,23213.58,,2013-11-06 00:00:00,2013.0,收益法,,预制混凝土桩类产品的研发、生产和销售,600634.SH,12.760864888099999,用于建设天津津滨中技滨海生产基地和偿还中技桩业的长期项目借款,176423.85,189800,,151458.02,中技桩业100%股权,,9077.34,95133.61,10254.17,189800.0,,2012-12-31 00:00:00,0.995088801949,不超过5.88亿元,借壳上市,中信建投,机械、设备、仪表,100%股份,综合
国新能源,-,15.3448464116,30083.77,41157.68,57272.52,2013-11-06 00:00:00,2013.0,收益法,,从事山西省内天然气资源项目的勘探、开发和利用，负责全省长输管网的规划建设和经营管理，承担着全省各市和省级天然气干线沿途县（市、区）的天然气供给任务,600617.SH,11.6974744189,用于怀仁-原平输气管道工程项目、原平-代县-繁峙输气管道工程项目、洪洞-安泽-长子输气管道工程项目以及定襄至五台输气管道工程项目后续建设,351904.13,351904.13,,101913.57,山西天然气100%股权,,,93381.61,22933.05,351904.13,,2012-12-31 00:00:00,2.76845216098,不超过5.51亿元,借壳上市,海际大和,电力、煤气及水的生产和供应业,100%股份,公用事业
达华智能,-,14.249687986500001,3553.57,4079.36,4612,2013-11-06 00:00:00,2013.0,收益法,,软件开发、信息化解决方案,002512.SZ,12.4663366699,无,43300.0,44300,,10164.07,新东网100%股权,,,9337.57,3108.84,44300.0,,2012-12-31 00:00:00,3.74427500945,无,产业收购,东北证券,信息技术业,85%股份+15%现金,电子
新洋丰,-,7.51044260905,44753.42,,,2013-11-07 00:00:00,2013.0,资产基础法,,磷复肥的研发、生产和销售,000902.SZ,6.03223530179,无,257826.8,269963.16,,257826.8,新洋丰肥业100%股权,,42469.28,110759.51,35945.04,269963.16,,2013-02-28 00:00:00,1.4373813138,无,借壳上市,国泰君安,石油、化学、塑胶、塑料,100%股份,纺织服装
新华医疗,-,13.031071274,4469.44,4962.73,,2013-11-07 00:00:00,2013.0,收益法,,中药制药装备研发、生产、销售、制药装备集成服务及中药制药工程自动化控制服务,600587.SH,8.8683682967,补充流动资金,35280.0,39636.64,,12600.01,远跃药机90%股权,,3767.6,10493.45,3041.702341,39636.64,,2013-05-31 00:00:00,2.77727439498,0.39,产业收购,西南证券,机械、设备、仪表,股份+现金,医药生物
太极股份,-,14.892485153900001,4072.6,4849.02,5525,2013-11-07 00:00:00,2013.0,收益法,,软件的开发、实施及服务,002368.SZ,13.2638412808,补充流动资金,49049.0,54018.32,,13629.6,慧点科技91%股权,,,11152.51,3627.22,54018.32,,2012-12-31 00:00:00,3.84360202322,不超过1.63亿元,产业收购,中信建投,信息技术业,股份+现金,计算机
鲁银投资,-,-2667.46642965,,,,2013-11-13 00:00:00,2013.0,收益法,,城商行,600784.SH,,无,40656.69,-,,6312.48,莱商银行4.98%股权,,,480615.7,-309.45835,825469.76,,2013-06-30 00:00:00,0.7175255822900001,无,集团整体上市,兴业证券,金融、保险业,股份+现金,钢铁
同德化工,-,12.550031365299999,3184.48,3234.73,,2013-11-13 00:00:00,2013.0,收益法,,爆破作业,002360.SZ,7.85303095011,无,11253.52,25007.82,,4551.42,同德爆破45%股权,,3033.22,4516.66,1992.65,25007.82,,2013-04-30 00:00:00,4.536794888259999,无,产业收购,中德证券,石油、化学、塑胶、塑料,100%股份,化工
宇顺电子,-,25.121006286,11800,14160,16992,2013-11-15 00:00:00,2013.0,收益法,,中小尺寸TFT液晶显示器件及其模组的研发、生产和销售,002289.SZ,12.298983050799999,除支付现金对价外，其余配套融资用于本次重组完成后的整合,145000.0,145128,,37453.45,雅视科技100%股权,,8300,31418.06,5777.157107,145128.0,,2013-06-30 00:00:00,3.61925402141,不超过4.83亿元,产业收购,海通证券,电子,股份+现金,电子
紫光股份,73400,29.303246545100002,7000,8500,,2013-11-15 00:00:00,2013.0,收益法,,面向金融、交通、电信等行业的大中型企业及政府机构提供针对各级层面的IT服务解决方案；依托拥有自主知识产权的视音频压缩、传输与移动云计算中间件技术等核心技术，为电信运营商、行业客户等移动应用运营主体提供技术与服务,000938.SZ,18.4142857143,本次募集配套资金将用于支付收购能通科技股份和融创天下股份的现金对价款以及交易完成后的整合,130000.0,69600,,-,能通科技和融创天下100%股份,,5500,48853.13,4398.83,128900.0,,2013-05-31 00:00:00,1.63852080716,4.33亿元,集团整体上市,国金证券、天风证券,信息技术业,股份+现金,计算机
洪城股份,648771,27.297417876500006,42613.73,50581,,2013-11-20 00:00:00,2013.0,收益法,,蒲地蓝消炎口服液、雷贝拉唑钠肠溶胶囊（济诺）、小儿豉翘清热颗粒等中成药,600566.SH,15.2244593468,用于济川药业及其子公司的在建项目建设,560015.0,560015,,-,济川药业100%股权,,36032.88,91872.04,23766.753432,648771.0,,2013-05-31 00:00:00,6.0616805722399985,不超过6.52亿元,借壳上市,国金证券,医药、生物制品,100%股份,医药生物
国电南瑞,-,194.717927103,28536.32,29068.78,32844.36,2013-11-20 00:00:00,2013.0,收益法,,电网调度自动化、用电自动化及终端设备、农电/配电自动化及终端设备等的研发、制造；电站辅机及环保工程,600406.SH,9.227503756619999,无,258688.51,24625.76,,12279.9,北京科东100%股权、电研华源100%股权、国电富通100%股权、南瑞太阳能75%股权等电器类资产,,,133139.13,1352.31,263319.0,,2012-09-30 00:00:00,0.977773176075,无,集团整体上市,中信证券,机械、设备、仪表,100%股份,电气设备
有研新材,-,,,,,2013-11-22 00:00:00,2013.0,资产基础法,,稀土相关材料的研发、生产与销售；高纯金属靶材、医用支架、贵金属电子材料及化合物等；锗晶体、化合物半导体、高纯电子化合物和光电材料的研发、生产和销售，现有晶体材料和光纤材料等产品板块,600206.SH,,用于补充有研亿金和有研光电营运资金、向有研光电增资偿还建设资金借款和用于新技术和新产品开发,124476.66,-,,12840.19,有研稀土85%股份、有研亿金95.65%股份、有研光电96.47%股权，并向有研总院发行股份购买部分机器设备,,,129920.36,,156022.85,,2013-03-31 00:00:00,0.20091146607,不超过3.60亿元,集团整体上市,中信建投,金属、非金属,100%股份,电子
神州信息,331000,9.605273253630001,,,,2013-11-22 00:00:00,2013.0,收益法,,金融、政府、电信等行业信息化领域软件开发与系统集成服务,000555.SZ,,先偿还昆山国投公司所负的债务，若有剩余将支付本次交易的并购交易税费、人员安置费用、中介机构费用、企业迁址过程发生费用等其他并购整合费用,301513.5,301700,,-,神州信息100%股权,,,87772.1,31409.83,301700.0,,2013-04-30 00:00:00,2.43731094505,2,借壳上市,西南证券,信息技术业,100%股份,计算机
银江股份,-,14.5950069012,4918.99,,,2013-11-27 00:00:00,2013.0,收益法,,城市轨道交通视频安防监控项目,300020.SZ,12.2531251334,用于支付现金对价，剩余部分在扣除发行费用后用于补充上市公司流动资金,60000.0,60273,,24825.19,亚太安讯100%股权,,4873,18316.77,4129.7,60273.0,,2013-05-31 00:00:00,2.29059108129,不超过2.00亿元,产业收购,浙商证券,信息技术业,股份+现金,计算机
长信科技,-,16.4403434955,5296.51,6788.23,,2013-11-27 00:00:00,2013.0,收益法,,中大尺寸触控面板模组的研发、生产和销售,300088.SZ,7.568969000339999,无,40089.12,40089.12,,5296.53,赣州德普特的100%股权,,3994.06,3951.34,2438.46,40089.12,,2013-03-31 00:00:00,9.145702470549999,无,产业收购,华林证券,电子,100%股份,电子
江河创建,-,13.775951833199999,19397.15,22335.19,23447.71,2013-11-29 00:00:00,2013.0,收益法,,主营业务类别分为建筑装饰工程的施工与设计，主要业务收入为内装系统业务收入,601886.SH,9.3070770706,无,47397.6,180530.77,,94998.87,港源装饰合计26.25%股权,,15887.58,80423.39,13104.776511,180530.77,,2013-05-31 00:00:00,1.24475454218,无,集团整体上市,国泰君安,建筑业,100%股份,建筑装饰
凯撒股份,-,15.799847906300002,147031.94,170660.36,191276.59,2013-11-29 00:00:00,2013.0,收益法,,品牌服装的经营，包括品牌管理、供应链管理和营销网络管理等业务,002425.SZ,9.174172904199999,无,1300000.0,1348896.44,,473421.13,海澜之家100%股权,,121217.91,"265,530.81",85374.014231,1348896.44,,2013-06-30 00:00:00,4.08,无,借壳上市,华泰联合,纺织、服装、皮毛,100%股份,纺织服装
武昌鱼,,,,,,2013-12-04 00:00:00,2013.0,,,,600275.SH,,,,,,,黔锦矿业100%股权,,,,,0.0,,,,,产业收购,中德证券,采掘业,,综合
美锦能源,-,-2301.88911596,,,,2013-12-04 00:00:00,2013.0,资产基础法,,焦炭、煤炭采掘和销售业务,000723.SZ,,补充流动资金,939672.98,-,,9204.81,汾西太岳76.96 %的股权、东于煤业100%的股权、美锦煤焦化100%的股权、天津美锦100%的股权以及大连美锦100%的股权,,,328542.32,-455.07,1047520.68,,2012-12-31 00:00:00,2.1883888809200003,不超过25亿元,集团整体上市,财通证券,采掘业,股份+现金,采掘
隆平高科,240600,28.4589913388,19477.01,22284,,2013-12-05 00:00:00,2013.0,收益法,,杂交水稻与杂交玉米种子,000998.SZ,22.6296279562,无,164500.0,222386.57,,-,湖南隆平45%的股权、安徽隆平34.5%的股、亚华种子20%的股权,,16952.37,50777.11,15487.46,440757.49,,2013-04-30 00:00:00,7.680239777330001,无,产业收购,广州证券,农、林、牧、渔业,100%股份,农林牧渔
尤洛卡,-,47.85398795890001,2410.85,3080,3767.26,2013-12-05 00:00:00,2013.0,收益法,,矿山通信及信息化系统产品研发、生产和销售,300099.SZ,7.451077420830001,无,9558.34,17963.43,,2349.59,富华宇祺53.21%股权,,1799.23,1560.83,375.38,17963.43,,2013-06-30 00:00:00,10.5088959079,无,产业收购,国海证券,信息技术业,100%股份,机械设备
渤海租赁,-,14.716791329300001,57064,,,2013-12-18 00:00:00,2013.0,收益法,,集装箱租赁服务,000415.SZ,14.305621758,用于支付现金对价,810000.0,816336,,677322.24,Seaco SRL100%股权,,59788,410124.9,55469.7,816336.0,,2013-03-31 00:00:00,0.990457053449,不超过20亿元,集团整体上市,银河证券,金融保险业,股份+现金+承接债务,非银金融
新华百货,-,13.509024198399999,6977.3,7188.61,7546.44,2013-12-19 00:00:00,2013.0,收益法,,家电零售连锁,600785.SH,9.04035085205,无,30907.0,63077.24,,20960.22,东桥电器49%的股权,,6615.95,18732.09,4669.266934,63077.24,,2013-09-30 00:00:00,2.36733594596,无,产业收购,西南证券,批发和零售贸易,股份+现金,商业贸易
科达洁能,-,16.0608090073,4044.54,4814.9,4873.41,2013-12-19 00:00:00,2013.0,收益法,,围绕铝行业节能减排，铝金属专业装备设计、制造及安装；工程项目管理；运营管理咨询为一体,600499.SH,8.18241382209,用于支付收购东大泰隆现金对价款,33094.1,33094.1,,9406.64,东大泰隆100%的股权,,3244.74,6235.19,2060.55,33094.1,,2013-06-30 00:00:00,4.30763296708,1.1,产业收购,西南证券,机械、设备、仪表,股份+现金,机械设备
乐视网,-,12.403402621600002,8100,10320,,2013-12-25 00:00:00,2013.0,收益法、资产基础法,,电视剧的投资、制作、发行及其衍生业务；专业从事精品电视剧独家网络版权的采购、管理及分销,300104.SZ,14.860914814800001,2.7亿元将用于本次交易的现金对价支付，其余部分用于并购完成后的业务整合并补充公司流动资金,119850.0,,,13046.19,花儿影视100%的股权\乐视新媒体99.5%的股权,,6300,40488.28,9704.87,120373.41,,2013-06-30 00:00:00,1.97304331031,不超过3.00亿元,产业收购,华泰联合,传播与文化产业,股份+现金,传媒
蒙草抗旱,57200,12.732189958900001,5395.89,6480,7776,2013-12-25 00:00:00,2013.0,收益法,,园林景观设计和施工,300355.SZ,10.6006608734,用于支付本次交易的现金对价,39900.0,57000,,-,"浙江普天园林建筑发展有限
公司100%股权",,4690.4,28612.9,4492.55,57200.0,,2013-07-31 00:00:00,0.999098308805,1.33,产业收购,华泰联合,建筑业,股份+现金,建筑装饰
上海莱士,181513.45,25.302826468800006,8243.69,10485.48,13423.24,2014-01-09 00:00:00,2014.0,收益法,,血液制品,002252.SZ,22.0184710973,用于邦和药业的持续发展，以及补充本公司的营运资金,180000.0,180695.6,,,邦和药业100%股权,,7876.64,26424.92,7173.643238,181513.45,,2013-04-30 00:00:00,5.86902552591,4.9972,集团整体上市,中信证券,医药、生物制品,100%股份,医药生物
视觉中国,,131.398198122,9202.07,12102.98,15653.66,2014-01-09 00:00:00,2014.0,收益法,,信息传播服务业,000681.SZ,27.038807572600003,无,248813.0,120556,,12554.48,华夏视觉100%股权、汉华易美100%股权,,5424.98,14900.97,1893.58,248813.0,,2013-06-30 00:00:00,15.6977720242,无,借壳上市,西南证券,社会服务业,100%股份,传媒
华谊兄弟,276050.52,16.1234793504,16502.93,20721.32,23561.56,2014-01-16 00:00:00,2014.0,收益法,,电视剧制作发行,300027.SZ,13.8794601928,用于支付标的资产现金对价及补充公司流动资金,67161.6,229051.76,,,银汉科技50.88%股权,,14399.69,47613.78,14206.1,229051.76,,2013-04-30 00:00:00,3.81061911069,不超过2.2.4亿元,借壳上市,中信建投,社会服务业,股份+现金,传媒
长城影视,,213.813815217,11000,14300,18590,2014-01-16 00:00:00,2014.0,收益法,,移动网游,002071.SZ,12.063375454500001,无,229051.76,132697.13,,8379.66,长城影视100%股权,,10976.06,8348.87,620.62,132697.13,,2013-06-30 00:00:00,14.8940227839,无,产业收购,宏源证券,信息技术业,100%股份,轻工制造
神州泰岳,,77.54510699949999,8000,11000,15000,2014-01-17 00:00:00,2014.0,收益法,,软件和信息技术服务业,300002.SZ,15.1875,无,121500.0,122093.74,,7641.85,壳木软件100%股权,,9904.19,4260.47,1566.83,121500.0,,2013-06-30 00:00:00,27.5179804106,无,产业收购,中信证券,信息技术业,股份+现金,计算机
互动娱乐,,54.4921687474,6000,8000,9700,2014-01-22 00:00:00,2014.0,收益法,,网络游戏与互联网广告,300043.SZ,13.5454816667,将用于支付标的资产现金对价,81200.0,81272.89,,7809.38,天拓科技100%的股权,,6019.9,5770.22,1491.46,81272.89,,2013-09-30 00:00:00,13.0848858449,不超过2.71亿元,产业收购,广发证券,信息技术业,股份+现金,传媒
华邦颖泰,,19.0408037555,10745.09,12108.77,13962.31,2014-01-22 00:00:00,2014.0,收益法,,精细化工业,002004.SZ,12.370181171099999,"其中19,522.08万元用于支付标的资产现金购买价款，20,377.92万元用于满足标的资产项目建设需要",132918.71,84968.33,,48587.5,山东福尔 100%股权、凯盛新材100%股权,,7049.31,55845.48,6980.73,132918.71,,2013-06-30 00:00:00,1.38011581242,不超过3.99亿元,产业收购,西南证券,石油、化学、塑胶、塑料,股份+现金,化工
兴源过滤,,17.1692919563,3023.91,2998.34,3010.98,2014-01-22 00:00:00,2014.0,收益法,,水利工程建筑,300266.SZ,12.6534850574,"全部用于本次交易的部分现
金对价支付",36372.43,38263,,28552.12,浙江疏浚95.0893%股权,,3049.08,17145.692714,2228.571807,38263.0,,2013-06-30 00:00:00,1.23163920165,不超过0.58亿元,产业收购,中信建投,建筑业,股份+现金,机械设备
广陆数测,,,,,,2014-01-23 00:00:00,2014.0,收益法,,广电传媒,002175.SZ,,"其中3,752.28万元用于向中辉世纪支付其持有的中辉乾坤15%股权的转让款，剩余3,000万元用于德州数字电视整体转换投入",25015.21,,,,中辉乾坤 100%股权,,,11663.34,,25015.21,,,1.14477242368,不超过0.68亿元,产业收购,安信证券,传播与文化产业,股份+现金,机械设备
*ST合泰,,,,,,2014-01-23 00:00:00,2014.0,收益法,,触摸屏和中小尺寸液晶显示屏,002217.SZ,,将用于合力泰投资建设无缝贴合触显一体化模组和触摸屏盖板玻璃两个募投项目,276960.74,,,,合力泰 100%的股权,,,33960.5,,276960.74,,,7.15537874884,3.726,借壳上市,华泰联合,信息技术业,100%股份,化工
建投能源,,,,,,2014-01-24 00:00:00,2014.0,收益法、资产基础法,,火力发电,000600.SZ,,主要用于补充流动资金,,,,,宣化热电100%股权、沧东发电40%股权、三河发电15%股权,,,510637.39,,836867.71,,,0.638868845856,不超过9亿元,集团整体上市,招商证券,电力、煤气及水的生产和供应业,100%股份,公用事业
信邦制药,,,,,,2014-02-19 00:00:00,2014.0,收益法,,医药,002390.SZ,,用于科开医药控股子公司肿瘤医院综合楼建设项目和补充科开医药营运资金,,,,,科开医药100%股权,,,22814.51,,99689.36,,,3.36955954785,3.1,集团整体上市,西南证券,医药、生物制品,股份+现金,医药生物
科大智能,,,,,,2014-02-19 00:00:00,2014.0,收益法,,智能制造装备,300222.SZ,,"7,888 万元将用于支付收购永乾机电股权的现金对价款；9,612 万元用于对永乾机电进行增资，以补充永乾机电的营运资金",,,,,永乾机电100%股权,,,8138.84,,52612.06,,,5.4643192396,1.75,产业收购,国元证券,机械、设备、仪表,股份+现金,电气设备
省广股份,,,,,,2014-02-20 00:00:00,2014.0,收益法,,广告业,002400.SZ,,"14,250万元用于支付收购雅润文化股权的现金对价款，3,500万元以提供贷款的方式用于雅润文化运营资金安排，其余1,250万元将用于支付与本次收购相关的中介费用及相关税费，如有剩余，将用于补充流动资金",,,,,雅润文化 100%股权,,,28676.13,,57000.0,,,0.987715915641,1.9,产业收购,招商证券,传播与文化产业,75%股份+25%现金,传媒
东华软件,,,,,,2014-02-20 00:00:00,2014.0,收益法,,,002065.SZ,,支付本次收购标的资产的现金对价和补充公司流动资金,58300.0,,,,威锐达 100%股权,,,2923.23,,58681.35,,,19.0741474328,不超过1.94亿元,产业收购,华泰联合,信息技术业,股份+现金,计算机
大唐电信,,66.1653045799,12933.99,16563.11,20254.64,2014-02-26 00:00:00,2014.0,收益法,,网页游戏和移动终端游戏,600198.SH,12.9947858318,用于支付购买目标资产的部分现金对价,168074.43,168074.43,,112264.05,要玩娱乐100%股权,,,10452.8,2540.22,168074.43,,2013-03-31 00:00:00,15.079369164200001,4.2,产业收购,西南证券,信息技术业,65%股份+35%现金,通信
掌趣科技,,-77806.1518325,17250,24750,30920,2014-02-26 00:00:00,2014.0,收益法,,移动网络游戏,300315.SZ,17.230115942,将用于支付收购玩蟹科技、上游信息现金对价款,255300.0,174336.34,,7421.1,玩蟹科技 100%股权、上游信息70%股权,,11938.95,9129.69,-3.82,297219.5,,2013-06-30 00:00:00,31.5552674844,8.51,产业收购,华泰联合,信息技术业,股份+现金,传媒
奥飞动漫,,-698.9857672060001,5580,7405,9655,2014-02-26 00:00:00,2014.0,收益法,,165软件和信息技术服务业,002292.SZ,14.0540698925,拟用于支付本次交易的部分现金对价,69200.0,34444.8,,1596.35,方寸科技100%的股权、爱乐游100%股权,,2317.12,9129.69,-112.193572,78421.71,,2013-08-31 00:00:00,7.58974510635,2.31,产业收购,广发证券,信息技术业,股份+现金,传媒
游族网络,,103.211605599,28571.71,38695.97,45130.63,2014-02-26 00:00:00,2014.0,收益法,,网络游戏,002174.SZ,13.5342522376,无,386696.3,386696.73,,19597.43,游族信息 100%的股权,,27834.21,11981.01,3746.64,386696.73,,2013-08-31 00:00:00,31.2758039598,无,借壳上市,华泰联合,信息技术业,100%股份,传媒
天威视讯,,,4063.06,4908.13,7264.21,2014-02-27 00:00:00,2014.0,收益法,,有线电视及增值,002238.SZ,31.4295137163,无,127700.0,,,,天宝公司100%股权、天隆公司100%股权,,,53976.05,,127700.0,,2013-09-30 00:00:00,1.36586411936,无,产业收购,中银国际,传播与文化产业,100%股份,传媒
利亚德,,23.477444262800002,1500,2250,2925,2014-02-27 00:00:00,2014.0,收益法,,装饰园林行业,300296.SZ,13.5,"其中 5,062.5万元用于向张志清等 10 名交易对方支付本次交易的现金对价部分，剩余 1,687.5万元将用于支持金达照明主营业务发展，提高并购后的整合效率。",20250.0,20644.22,,6111.39,金达照明 100%股份,9968.7,1431.72,5800.39,862.53,20250.0,,2013-09-30 00:00:00,2.49114456097,0.68,产业并购,华泰联合,建筑业,股份和现金,电子
长荣股份,,9.17326655186,12000,12600,13200,2014-02-28 00:00:00,2014.0,收益法,,印刷和记录媒介复制业,300195.SZ,9.2,支付标的资产的现金对价,93840.0,110840,,25708.71,力群股份 85%的股权,44402.31,11992.37,23046.59,12034.971335,110400.0,,2013-06-30 00:00:00,3.790296525430001,3.12,产业并购,渤海证券,机械、设备、仪表,股份和现金,机械设备
千方科技,,32.526276779899995,17000,"21889,94",26832.41,2014-02-28 00:00:00,2014.0,收益法,,智能交通,002373.SZ,16.5986182353,无,282176.512246,100453.78,,174037.81,紫光捷通 100%权益,94028.73,19161.87,20583.94,8675.34,282176.51,,2013-07-31 00:00:00,12.7085762007,0,借壳上市,华泰联合,信息技术业,股份,计算机
联建光电,,16.6040154688,8700,10000,11300,2014-03-12 00:00:00,2014.0,收益法,,广告行业,300269.SZ,9.88505747126,用于支付收购友拓公关和易事达现金对价款及本次交易的中介机构费用和其他交易费用,94895.0,86018.13,,22728.44,友拓公关 100%股权和易事达100%股权,40938.35,8523.28,10258.87,5179.47,86000.0,,2013-10-31 00:00:00,7.38298954953,2.82,产业并购,华泰联合,传播与文化产业,股份和现金,电子
精诚铜业,,-14.6727236077,3731.75,4948.8,5710,2014-03-12 00:00:00,2014.0,资产基础法,,铜材钢材生产与配套物流,002171.SZ,9.55764721645,"偿还借款、楚江合金 25,000 吨/年高新技术改造及新增 5,000 吨/年升级产品项目",35666.75,7477.9,,7447.04,双源管业资产70%股权,378385.98,2862.73,29072.81,-2430.82,35666.75,,2013-08-31 00:00:00,0.226807797389,1.19,产业并购,华林证券,金属、非金属,股份,有色金属
国机汽车,,18.614104296,60041.87,42025.11,-,2014-03-19 00:00:00,2014.0,资产基础法,,汽车经销,600335.SH,1.1796026672700002,补充流动资金,70825.55,72802.76,,70825.55,中汽进出口有限 100%股权,442860.73,5925.57,34843.01,3804.94,70825.55,,2013-06-30 00:00:00,1.03270469457,2.36,集团整体上市,中信证券,批发和零售贸易,股份,汽车
天舟文化,,14.5559900685,8615.01,12010.11,15014.92,2014-03-19 00:00:00,2014.0,收益法,,文化，游戏动漫,300148.SZ,14.5559900685,支付本次交易中的现金对价部分,125400.0,125413.31,,5790.48,神奇时代100%股权,6575.33,8615.01,5697.7,8615.01,125400.0,,2013-06-30 00:00:00,21.0088807765,2.5,产业并购,江海证券,信息技术业,股份和现金,传媒
云投生态,,19.369271941300003,4500,5850,7605,2014-03-20 00:00:00,2014.0,收益法,,园林绿化,002200.SZ,13.333333333299999,"其中 3,000 万元用于支付标的资产的现金对价部分，剩余募集资金净额将用于补充上市公司流动资金.",60000.0,60380,,15707.96,洪尧园林 66%的股权,16683.69,4498.21,9958.8,3097.69,60000.0,,2013-06-30 00:00:00,5.02482226774,1.32,产业并购,红塔证券、广州证券,建筑业,股份和现金,医药生物
凯利泰,,16.1855154351,5010,5760,6630,2014-03-20 00:00:00,2014.0,收益法,,医疗器械,300326.SZ,13.173652694600001,支付本次交易现金对价,52800.0,66877.58,,14450.96,艾迪尔 80%的股权,9681.6,1295.86,15848.71,4077.72,66000.0,,2013-09-30 00:00:00,3.16437678524,1。76,产业并购,国金证券,机械、设备、仪表,股份和现金,建筑装饰
和邦股份,,,13714.14,21125.17,21480.28,2014-03-21 00:00:00,2014.0,收益法,,双甘膦及其相关产品的生产与销售,603077.SH,11.6428459969,无,81432.5262,159671.62,,39957.89,和邦农科 100%股权,0,0,31370.06,0,159671.62,,2013-11-30 00:00:00,4.08993671035,0,产业并购,华西证券,石油、化学、塑胶、塑料,股份,化工
上海佳豪,,34.0441254091,1982.16,2650,3380,2014-03-21 00:00:00,2014.0,收益法,,天然气销售，陆路运输,300008.SZ,13.016103644500001,支付本次交易中的现金对价，支付本次交易税费等费用，补充沃金天然气和捷能运输的运营资金以及在建项目建设资金。,25800.0,25714.04,,2997.73,沃金天然气100%股、捷能运输 80%的股权,4275.71,691.81,3015.15,757.84,25800.0,,2013-10-31 00:00:00,7.556788219489999,0.55,产业并购,民族证券,交通运输、仓储业,股份和现金,国防军工
天一科技,,67.4314683386,20930.78,28123.45,35738.93,2014-03-26 00:00:00,2014.0,收益法,,中药制药业,000908.SZ,16.473315853499994,无,344799.35,344799.35,,254509.95,景峰制药100%股权,94380.27,14758.82,60991.23,5113.33,344799.35,,2013-06-30 00:00:00,4.653261132790001,0,借壳上市,广发证券,医药、生物制品,股份,机械设备
迪马股份,,14.8237795085,69343.85,92247.6,94748.88,2014-03-26 00:00:00,2014.0,资产基础法,,房地产,600565.SH,5.98833119303,用于标的公司在建项目和拟建项目建设及运营资金安排,415253.94,450175.62,,415253.94,同原地产 100%股权、国展地产 100%股权、深圳鑫润 100%股权，以及东银品筑 100%股权。,150361.31,39981.33,195244.64,28012.69,415253.94,,2013-07-31 00:00:00,1.12683912859,13.84,产业并购,海通证券,房地产业,股份,房地产
天业股份,,-18.4978469915,6470.76,9529.45,10832.5333333,2014-03-27 00:00:00,2014.0,资产基础法,,矿产,600807.SH,21.9324108245,补充流动资金,110951.33,-,,141919.36,天业黄金100%股权,423.84,-5949.34,17861.14,-7672.21,141919.366667,,2013-04-30 00:00:00,6.94570596651,3.7,集团整体上市,中信证券,采掘业,股份,房地产
闽福发A,,15.808909612699999,3800,4800,6000,2014-03-27 00:00:00,2014.0,收益法,,电磁安防行业,000547.SZ,15.3370552632,无,58280.81,58400,,28954.96,欧地安100%的股东权益,17085.99,3913.83,21487.24,3686.58,58280.81,,2013-06-30 00:00:00,1.7123450941100002,0,产业并购,东方花旗,电子,股份和现金,通信
中国天楹,,29.776576421599998,13665.57,17556.58,22583.81,2014-04-02 00:00:00,2014.0,收益法,,生态保护和环境治理,000035.SZ,13.171788663,用于天楹环保在建及拟建项目的建设和运营,180000.0,181100,,152949.89,天楹环保 100%股份,24981.51,8165.5,88778.17,6045.02,180000.0,,2013-09-30 00:00:00,1.02752546037,6,借壳上市,国金证券,社会服务业,股份,公用事业
水晶光电,,11.200716845899999,2161.15,2291.9,2494.9,2014-04-03 00:00:00,2014.0,收益法,,其他化工新材料,002273.SZ,11.5679152303,用于现金收购款的支付,25000.0,26530.02,,17805.8,夜视丽100%股权,12200.7,2191.45,7890.48,2232,25000.0,,2013-09-30 00:00:00,2.1683750545,0.83,产业并购,财通证券,石油、化学、塑胶、塑料,股份和现金,电子
南风股份,,16.2558811153,8000,12800,14080,2014-04-03 00:00:00,2014.0,收益法,,能源工程特种管件行业,300004.SZ,24.0,向标的公司增资,192000.0,193721.98,,102639.59,中兴装备100%股份,93527.02,7983.47,73174.51,11811.11,192000.0,,2013-10-31 00:00:00,1.62386451238,4,产业并购,中金,机械、设备、仪表,股份和现金,机械设备
航空动力,,44.8918981622,48639.280003,65301.91,0,2014-04-16 00:00:00,2014.0,资产基础法,,航空航天装备,600893.SH,19.6744374082,用于募集项目建设,956950.47,873341.58,,956950.47,黎明公司、南方公司、黎阳动力、晋航公司、吉发公司、贵动公司 100%股权，深圳三叶 80%股权，以及西航集团相关资产及负债,1363751.93927,36348.29819,488322.42,21316.7745,956950.47,,2012-12-31 00:00:00,0.959669330767,31.898349,集团整体上市,中信建投,机械、设备、仪表,股份,国防军工
秦川发展,,21.8426022704,-1925.34,895.05,0,2014-04-16 00:00:00,2014.0,资产基础法,,精密数控机床,000837.SZ,-124.931575722,无,240535.76,211488,,240535.76,秦川集团全部资产和负债,409560.44,1285.75,164454.31,11012.23,240535.76,,2012-12-31 00:00:00,0.462629711559,0,借壳上市,中信证券,机械、设备、仪表,股份,机械设备
粤传媒,,12.1774662752,4553.26,5682.59,6869.87,2014-04-16 00:00:00,2014.0,收益法,,传播与文化产业、户外LED大屏,002181.SZ,9.88302886284,无,45000.0,45098.96,,25466.51,榭丽传媒 100%的股权,23993.43,4685.43,26316.76,3695.35,45000.0,,2013-06-30 00:00:00,0.709936937526,0,产业并购,中银国际,传播与文化产业,股份和现金,传媒-报刊发行
*ST吉炭,,11.5228242124,39993.88,43706.2,47871.82,2014-05-27 00:00:00,2014.0,收益法,,工程技术，机电设备,000928.SZ,8.79067297296,用于以下用途：（1）9.71 亿元将用于开展霍邱铁矿深加工煤气余热发电 EPC 总承包项目、霍邱铁矿深加工项目空分工程 BOT 项目等总承包项目；（2） 2.00 亿元将用于中钢设备信息化建设项目,348057.39,351573.12,,186528.34,中钢设备 99%股权,895322.67,36215.61,115602.65,30511.02,351573.12,,2012-12-31 00:00:00,2.04122024884,11.71,借壳上市,瑞银证券,机械、设备、仪表,股份,有色金属
福建南纺,,10.2719955118,62500,50200,50800,2014-05-27 00:00:00,2014.0,收益法,,电力,600483.SH,8.10001904,无,464564.67,464564.67,,392056.81,鸿山热电 100%股权、福能新能源100%股权和晋江气电 75%股权,493401.22,79521.12,322257.3,49284.6,506251.19,,2013-08-31 00:00:00,0.570953365525,0,借壳上市,兴业证券,电力、煤气及水的生产和供应业,股份,纺织服装
顺荣股份,,46.006889531700004,30000,36000,43200,2014-05-27 00:00:00,2014.0,收益法,,网页游戏,002555.SZ,10.6666666667,支付现金对价,192000.0,321100,,14318.21,三七玩60%股权,58719.62,24508.55,11914.35,6955.48,320000.0,,2013-07-31 00:00:00,25.8583682702,4.8,产业并购,浙商证券、广发证券,信息技术业,股份和现金,传媒
汇冠股份,,31.9428322027,9405.44,11426.07,13906.07,2014-05-28 00:00:00,2014.0,收益法,,智能手机，平板电脑结构件,300282.SZ,11.399746317,向交易对方支付现金对价,98440.0,107219.63,,19365.84,旺鑫精密92%股权,51223.58,6660.83,19123.78,3356.61,107219.63,,2013-09-30 00:00:00,4.60661281399,3.28,产业并购,广发证券,信息技术业,股份和现金,电子
大地传媒,,12.250064087,25251.91,0,0,2014-05-28 00:00:00,2014.0,资产基础法,,图书出版,000719.SZ,11.7139836155,支付本次交易的现金对价,295800.46,301684.74,,295800.46,图书发行等业务的经营性资产,397500.79,33508.11,165788.62,24146.85,295800.46,,2013-03-31 00:00:00,0.78420243802,9.86,集团整体上市,国泰君安,传播与文化产业,股份和现金,传媒
兴发集团,,6.37415832814,9500,11500,14000,2014-05-28 00:00:00,2014.0,收益法,,智能手机，平板电脑结构件,600141.SH,11.2631578947,无,121182.6,238992.94,,63503.95,泰盛公司 51% 股权,181573.19,46928.64,53002.73,16786.53,107000.0,,2013-12-31 00:00:00,1.01876393914,0,产业并购,长江证券,信息技术业,股份和现金,化工
新时达,79300,16.6495546244,3700,5000,6300,2014-06-13 00:00:00,2014.0,收益法,,自动化机器设备运动控制系统,002527.SZ,16.2162162162,无,60000.0,60400,,,众为兴100%股份,15460.63,2479.93,13479.51,3603.7,60000.0,,2013-12-31 00:00:00,3.45120037746,0,产业并购,广发证券,机械、设备、仪表,股份和现金,电气设备
立思辰,,16.013964176800002,3605,4398.1,5365.68,2014-06-13 00:00:00,2014.0,收益法,,软件,300010.SZ,11.0957004161,支付现金对价,40000.0,42512.03,,20696.75,汇金科技 100%的股权,12678.7,3561.61,17631.03,2497.82,40000.0,,2013-12-31 00:00:00,1.26872735172,1.33,产业并购,华泰联合,信息技术业,股份和现金,信息技术
浩宁达,,27.3515641341,4745.28,6635.92,8491.51,2014-06-13 00:00:00,2014.0,收益法,,钻石、珠宝的销售,002356.SZ,10.7475217479,无,51000.0,51017.37,,11466.68,每克拉美100%股权,39812.08,3840.47,8147.8,1864.61,51000.0,,2013-09-30 00:00:00,5.2593583544,0,产业并购,西南证券,批发和零售贸易,股份和现金,电气设备
海隆软件,275000,137.60086403,15000,20000,25000,2014-06-16 00:00:00,2014.0,收益法,,互联网,002195.SZ,17.6666666667,用于标的公司二三四五主营业务相关项目,265000.0,266994.8,,,二三四五100.00%权益,13895.04,11174.43,10850.28,1925.86,265000.0,,2013-12-31 00:00:00,23.4233328541,8.33,产业并购,东吴证券,信息技术业,股份,计算机
方正电机,,16.078514922100002,1800,2000,2200,2014-06-16 00:00:00,2014.0,收益法,,智能控制器,002196.SZ,11.386288888900001,无,20000.0,20495.32,,12605.76,高科润 100%股权,18445.493905,-524.850052,5692.313369,1274.702303,20495.32,,2013-12-31 00:00:00,2.60052559854,0,产业并购,中信证券,电子,股份,电气设备
维尔利,,41.5244904223,3989.13,5023.34,5989.78,2014-06-16 00:00:00,2014.0,收益法,,沼气工程,300190.SZ,11.531336406700001,用于现金对价的支付,46000.0,46320,,13208.36,杭能环境 100%股权,9882.91,3024.84,10001.63,1107.78,46000.0,,2013-12-31 00:00:00,3.5992503222,1.53,产业并购,国信证券,社会服务业,股份和现金,公用事业
天晟新材,,114.63594574700001,2600,3600,5800,2014-06-17 00:00:00,2014.0,收益法,,声屏障,300169.SZ,15.538461538499998,支付现金对价,40000.0,40400,,7582.19,江苏新光环保工程100%股权,7477.84,773.86,6248.38,352.42,40400.0,,2013-12-31 00:00:00,5.46567590319,1.33,产业并购,广发证券,建筑业,股份和现金,化工
湖北广电,,51.75733412939999,9933.03,11466,13041.1,2014-06-17 00:00:00,2014.0,收益法,,广播电视,000665.SZ,21.764258237399996,支付现金对价,216185.03,216185.03,,140347.41,有线电视网络资产及负债,80442.512939,9940.99,106044.07,4176.896543,216185.03,,2013-06-30 00:00:00,1.03863384346,6.68,集团整体上市,申银万国,传播与文化产业,股份,可选消费
科冕木业,,20.622987598399998,18610,24320,30300,2014-06-17 00:00:00,2014.0,收益法,,网游,002354.SZ,13.168558839300001,无,245066.88,245066.88,,34019.4,天神互动100%股权,26579.84,13947.71,29683.34,11883.19,245066.88,,2013-12-31 00:00:00,7.25604126759,0,借壳上市,中信建投,信息技术业,股份,传媒
新南洋,,20.0435596237,3465.12,4604.52,5815.91,2014-06-18 00:00:00,2014.0,收益法,,非学历教育,600661.SH,16.79007942,支付现金对价,58179.64,58179.64,,42879.96,昂立科技 100%股权,53770.077076,3894.021724,11899.81,2902.660061,58179.64,,2013-03-31 00:00:00,3.889123439790001,1.93,产业并购,海通证券,传播与文化产业,股份,传媒
*ST常铝,,17.554499181300002,2300,2600,2800,2014-06-18 00:00:00,2014.0,收益法,,铝质高频焊管,002160.SZ,11.7391304348,用于标的公司的在建项目建设及运营资金安排,27100.0,27100,,8431.35,山东新合源 100%的股权,14805.344191,1980.584425,4696.53,1538.067234,27000.0,,2013-12-31 00:00:00,4.74892527036,0.9,产业并购,国金证券,金属、非金属,股份,有色金属
南洋科技,,-154.659105555,5000,6500,8450,2014-06-25 00:00:00,2014.0,收益法,,光学膜,002389.SZ,12.0,支付现金对价以及剩余部分将用于公司光学膜业务整合,48000.0,60447,,12748.22,东旭成80%股权,6522.52,3194.12,7984.96,-387.95,60000.0,,2013-12-31 00:00:00,6.51412655793,0.66,产业并购,齐鲁证券,石油、化学、塑胶、塑料,股份和现金,电子
力源信息,,26.422633241,2880,3456,4147,2014-06-25 00:00:00,2014.0,收益法,,IC元器件和应用解决方案,300184.SZ,9.96527777778,无,18655.0,28706.59,,7963.67,深圳市鼎芯无限科技65%的股权,18416.22,2528.69,4279.52,1086.19,28700.0,,2013-12-31 00:00:00,5.70635959173,0,产业并购,华泰联合,信息技术业,股份和现金,电子
盛路通信,,15.3821010027,2300,2600,2800,2014-06-25 00:00:00,2014.0,收益法,,铝质高频焊管,002446.SZ,20.8695652174,用于支付购买资产的现金对价，剩余部分作为标的公司的营运资金,48000.0,48050.57,,8361.44,合正电子100%的股权,16965.59,-1403.38,1576.74,3120.51,48000.0,,2013-10-31 00:00:00,29.4425586971,1.6,产业并购,中信建投,电子,股份和现金,通信
华润锦华,,13.1126925809,32636.11,36988.93,40435.82,2014-06-30 00:00:00,2014.0,收益法,,数字机顶盒,000810.SZ,10.7257574509,无,297147.0,350047,,30837.45,创维数字100%股权,296228.52,30398.34,124010.17,26695.28,350047.0,,2012-12-31 00:00:00,1.82272816818,0,借壳上市,西南证券,信息技术业,股份和现金,纺织服装
世纪华通,,56.2227461756,18000,23400,30400,2014-07-01 00:00:00,2014.0,收益法,,游戏,002602.SZ,10.094606666699999,支付现金对价,180000.0,181702.92,,22065.73,天游软件 100%股权和七酷网络 100%股权,18633.26,7783.79,12953.05,3231.84,181702.92,,2013-12-31 00:00:00,13.027809666400001,3.9,产业并购,海通证券,信息技术业,股份和现金,汽车
远兴能源,,12.3616876822,24859.02,24859.02,24859.02,2014-07-01 00:00:00,2014.0,收益法,,碱生产加工,000683.SZ,15.513251528,用于募集项目建设,315106.39,396018.58,,385644.23,中源化学81.71%股份,261552.193469,33373.376492,269516.08,31196.72976,385644.23,,2013-09-30 00:00:00,0.430876517646,10.5035463333,产业并购,海通证券,石油、化学、塑胶、塑料,股份,采掘
华芳纺织,,18.9541810139,52787.45,59371.74,68771.88,2014-07-01 00:00:00,2014.0,收益法,,化工产品,600273.SH,11.0066131249,支付现金对价,581011.04,581011.04,,218603.3,嘉化能源 100%股权,158680.55,42919.47,170139.86,30653.45,581011.04,,2013-09-30 00:00:00,2.4149025395900003,5,借壳上市,华林证券,石油、化学、塑胶、塑料,股份,纺织服装
万力达,,198.927883407,19286.72,23107.5,27201.22,2014-07-02 00:00:00,2014.0,收益法,,集成电路,002180.SZ,14.7770071842,无,275509.5,285000,,39495.16,艾派克 96.67%股权,15446.51,387.22,35998.14,1432.68,285000.0,,2013-12-31 00:00:00,6.917075715580001,0,借壳上市,东方花旗,电子,股份,电气设备
中创信测,2522304.76,47.9388268909,200266,224894,273303,2014-07-02 00:00:00,2014.0,收益法,,无线通信,600485.SH,11.7437032746,用于北京信威的建设项目,2248730.41,2351864.48,,,北京信威 95.61%的股份,91534.216565,171264.15961,442710.9,49059.7003,2351864.48,,2013-06-30 00:00:00,4.3124160259,32.54,借壳上市,安信证券,信息技术业,股份,通信
苏交科,,23.8235647957,2731,3278,3769,2014-07-03 00:00:00,2014.0,收益法,,工程设计,300284.SZ,6.96099963383,无,18974.55,19010.49,,6300.85,淮交院公司 100%股权,8246.05,335.35,5156.71,797.97,19010.49,,2013-12-31 00:00:00,2.6865540237900003,0,产业并购,华泰联合,建筑业,股份,建筑装饰
鑫富药业,,29.8373204355,15215.56,18056.58,20450.47,2014-07-03 00:00:00,2014.0,收益法,,医药,002019.SZ,12.5965787654,无,191664.0,191664,,41619.91,亿帆生物100%股权和程先锋等 10 名自然人合计持有的亿帆药业 100%股权,90525.246813,11764.624688,30996.6,6423.633128,191664.0,,2013-04-30 00:00:00,5.18338785544,0,借壳上市,申银万国,医药、生物制品,股份,医药生物
中化岩土,,59.735366793599994,9000,11000,13100,2014-07-03 00:00:00,2014.0,收益法,,基础工程,002542.SZ,45.985745555600005,无,80800.0,80935,,59095.85,上海强劲100%股份、上海远方100%股权,82503.97,7039.22,44922.06,6928.42,413871.71,,2013-12-31 00:00:00,8.21310621107,0,产业并购,海通证券,建筑业,股份和现金,建筑装饰
四川双马,,30.533475360900002,24058.71,27539.89,26902.33,2014-07-09 00:00:00,2014.0,资产基础法,,水泥,000935.SZ,13.8385104605,无,83234.18,337966.02,,332936.71,都江堰拉法基 25%的股权,127044.38,25002.64,276025.65,10903.99,332936.71,,2013-09-30 00:00:00,0.206180331429,0,集团整体上市,中信证券,金属、非金属,股份,建筑材料
卫士通,,22.0884181338,4224.09,6174.33,8335.47,2014-07-10 00:00:00,2014.0,收益法,,软件、信息安全,002268.SZ,12.428208205799999,支付现金对价,52497.87,52497.87,,33761.33,三零盛安 93.98%股权/三零瑞通 94.41%股权/三零嘉微 85.74%的股权,30853.522915,3662.788221,23848.52,2376.714787,52497.87,,2013-07-31 00:00:00,1.20130515437,1.97,集团整体上市,东海证券,信息技术业,股份,计算机
宝馨科技,,1737.71029955,2950,4900,5800,2014-07-10 00:00:00,2014.0,收益法,,计量器具,002514.SZ,14.3552542373,支付现金对价,42300.0,42348,,4429.4,友智科技 100%股权,2213.16,1251.52,2115.64,24.37,42348.0,,2013-12-31 00:00:00,19.0166379913,1.4,产业并购,华泰联合,机械、设备、仪表,股份和现金,机械设备
鼎汉技术,,12.229559891900001,8400,9180,9708.1,2014-07-11 00:00:00,2014.0,收益法,,机车电缆,300011.SZ,9.07923214286,支付现金对价,76000.0,76265.55,,31336.29,海兴电缆 100%股权,18581.845925,7900,19720.62,6236.164725,76265.55,,2014-02-28 00:00:00,2.86729981106,1.12,产业并购,华泰联合,机械、设备、仪表,股份,电气设备
银河电子,,16.5705389245,7397.28,8254.6,9660.47,2014-07-11 00:00:00,2014.0,收益法,,机电,002519.SZ,13.906270953599998,用于支付本次交易中的部分现金对价,102800.0,102868.58,,36789.69,同智机电100%的股权,12789.09,7415.7,22358.92,6207.92,102868.58,,2013-10-31 00:00:00,3.6007848321800004,0.9,产业并购,东海证券,机械、设备、仪表,股份和现金,家用电器
润和软件,,56.3130560213,4850,6300,6805,2014-07-11 00:00:00,2014.0,收益法,,金融系统测试,300339.SZ,15.3745092784,支付现金对价,72000.0,74566.37,,7352.19,捷科智诚100%股权,8776.45,3273.26,5832.39,1324.14,74566.37,,2013-12-31 00:00:00,11.7848737824,2.4,产业并购,中信证券,信息技术业,股份和现金,计算机
银星能源,,93.4955749475,4615.43,5459.87,6358,2014-07-17 00:00:00,2014.0,收益法、资产基础法,,风电,000862.SZ,28.4268204696,标的资产建设,128143.13,128143.13,,61921.36,风电业务类相关资产及负债,44929.663732,1467.12453,113933.75,1403.29636,131202.0,,2013-05-31 00:00:00,0.151563957124,4.27,集团整体上市,西南证券,电力、煤气及水的生产和供应业,股份,电气设备
杭州解百,,9.68975545459,29211.09,30504.06,27035.4,2014-07-17 00:00:00,2014.0,收益法,,实业投资,600814.SH,7.9235735469,无,231456.22,231456.22,,230456.72,商旅投资100%股权,459042.244361,21585.941767,73219.6,23886.693641,231456.22,,2013-05-31 00:00:00,2.16112379745,0,集团整体上市,中信建投,批发和零售贸易,股份,商业贸易
双龙股份,,13.005061960199999,8200,10100,11800,2014-07-17 00:00:00,2014.0,收益法,,中成药,300108.SZ,13.334645122000001,支付现金对价和本次重大资产重组的相关费用,105530.4,109344.09,,74558.67,金宝药业 97.713%的股份,32720.11,9675.7,65414.11,8407.81,109344.09,,2013-12-31 00:00:00,0.671567342275,1.5,产业并购,国海证券,医药、生物制品,股份和现金,化工
方正证券,1298449.75,271.769563561,0,0,0,2014-07-18 00:00:00,2014.0,市场法,,证券,601901.SH,,无,1298449.75,,,710237.42,民族证券100%股权,55418.59,15380.37,683546.01,4777.76,1298449.75,,2013-08-31 00:00:00,0.8995791519580001,0,产业并购,西南证券,金融、保险业,股份,非银金融
华昌达,86600,43.058262378900004,5000,6500,8300,2014-07-18 00:00:00,2014.0,收益法,,工业机器人,300278.SZ,12.60212,支付现金对价和用于对标的公司增资,63000.0,63010.6,,,上海德梅柯 100%的股权,15667.67,3661.46,5680.8,1463.38,63010.6,,2013-12-31 00:00:00,10.0918532601,2.1,产业并购,海通证券,机械、设备、仪表,股份和现金,机械设备
胜利股份,,24.8424081351,5398.01938776,6528.84510204,7209.47387755,2014-07-18 00:00:00,2014.0,收益法,,天然气,000407.SZ,12.0750329628,用于青岛润昊、东泰压缩拟建项目的建设及运营资金安排、补充上市公司流动资金,52647.0,52647,,17658.95,青岛润昊 100%的股权、昆仑利用 49%的股权、东泰燃气 100%的股权和东泰压缩 100%的股权,31118.38,3577.34,11255.55,2623.79,65181.2620408,,2013-12-31 00:00:00,4.79103304955,1.75,集团整体上市,东方花旗,电力、煤气及水的生产和供应业,股份,化工
万邦达,,18.4488559626,4600,5800,7420,2014-07-18 00:00:00,2014.0,收益法,,节能,300055.SZ,15.8635086957,无,68100.0,72972.14,,30550.3,昊天节能 100%的股权,40206.566294,2268.069741,27322.6,3955.374802,72972.14,,2013-12-31 00:00:00,1.67076120135,0,产业并购,长城证券,电力、煤气及水的生产和供应业,股份和现金,公用事业
高鸿股份,,66.37533942,6003.75,6496.15,7248.53,2014-07-23 00:00:00,2014.0,收益法,,互联网支付,000851.SZ,13.6480333125,无,52153.3095,81939.38,,22391.06,高阳捷迅剩余 63.649%的股权,17204.320103,5066.956649,19607.96,1234.485288,81939.38,,2013-07-31 00:00:00,3.17888347385,0,产业并购,西南证券,信息技术业,股份,通信
吴通通讯,,27.0621759542,6000,7500,9000,2014-07-23 00:00:00,2014.0,收益法,,移动信息化,300292.SZ,9.24916666667,支付现金对价,55000.0,55495,,7090.43,国都互联100%股权,24168.11602,1557.922103,5575.72,2050.648111,55495.0,,2013-12-31 00:00:00,8.952974683089998,1.83,产业并购,华西证券,信息技术业,股份和现金,通信
拓尔思,,24.4961661625,4100,5150,6200,2014-07-23 00:00:00,2014.0,收益法,,计算机,300229.SZ,14.6468073171,无,60000.0,60051.91,,9932.52,天行网安100%股权,7677.831651,3339.381746,8444,2451.481983,60051.91,,2013-12-31 00:00:00,6.11178469919,0,产业并购,长城证券,信息技术业,股份和现金,计算机
美晨科技,,8.38211649003,9000,11500,14500,2014-07-24 00:00:00,2014.0,收益法,,园林工程,300237.SZ,6.67777777778,支付现金对价,60000.0,60100,,24458.66,赛石集团100%股权,74886.713255,8953.27,12574.36,7170.026815,60100.0,,2014-02-28 00:00:00,3.77956730999,2,产业并购,齐鲁证券,建筑业,股份和现金,汽车
深天马A,,8.95089640416,89421.1,149611.54,231260.54,2014-07-24 00:00:00,2014.0,资产基础法,,液晶显示屏,000050.SZ,7.92677410234,标的资产建设,549640.18,676873.36,,549640.18,上海天马70%股权、成都天马40%股权、武汉天马90%股权、上海光电子100%股权、深圳光电子100%股权,1350003.04,-43065.48,403172.3,79189.93,708820.859683,,2013-08-31 00:00:00,0.758109026048,17.66,集团整体上市,华创证券、国泰君安,信息技术业,股份,电子
华测检测,,14.059395175499999,1920,2304,2649.6,2014-07-24 00:00:00,2014.0,收益法,,无损检测,300012.SZ,9.76549479167,用于支付购买资产的现金对价以及与本次交易相关的发行费用,18000.0,18749.75,,11264.68,杭州华安无损检测技术100%的股权,9593.83,1918.44,7727.18,1333.61,18749.75,,2013-12-31 00:00:00,1.4264673528999998,0.4,产业并购,长江证券,机械、设备、仪表,股份和现金,综合
爱使股份,,38.2088908141,10000,12000,14400,2014-07-30 00:00:00,2014.0,收益法,,网络游戏,600652.SH,11.820035,支付购买标的股权的现金对价,118000.0,118200.35,,24547.59,游久时代合100%股权,6533.3,8386.71,2819.01,3093.53,118200.35,,2013-12-31 00:00:00,40.9297377448,3.93,产业并购,恒泰证券、国盛证券,信息技术业,股份和现金,采掘
东方日升,,14.888391107999999,7518.64,10159.69,11531.86,2014-07-30 00:00:00,2014.0,收益法,,太阳能EVA胶膜,300118.SZ,7.328453018099999,补充江苏斯威克营运资金及其他相关整合业务,46750.0,55100,,17580.7,江苏斯威克85%股权,19886.01,5421.82,13734.49,3700.87,55100.0,,2013-08-31 00:00:00,3.01179803546,1.56,产业并购,安信证券,石油、化学、塑胶、塑料,股份,电气设备
坚瑞消防,,16.0352170473,3584.31,4239.18,4893.02,2014-08-20 00:00:00,2014.0,收益法,,智能工程技术,300116.SZ,12.1557817265,用于支付现金收购款及与本次交易相关的费用,42000.0,43570.09,,16018.37,达明科技100%股份,14486.79,3007.62,15528.57,2717.15,43570.09,,2013-12-31 00:00:00,1.80580182206,1.4,产业并购,财通证券,信息技术业,股份和现金,机械设备
东光微电,,28.6866227833,21900,29800,39200,2014-08-20 00:00:00,2014.0,收益法,,装饰工程,002504.SZ,12.9566210046,无,218360.0,283750,,277298.56,弘高设计100%股权,145031.6,14947.92,41761.54,9891.37,283750.0,,2013-12-31 00:00:00,5.79452912895,0,借壳上市,浙商证券,建筑业,股份,电子
汉威电子,,20.5554740717,4509.29,5645,6750.21,2014-08-20 00:00:00,2014.0,收益法,,环保工程、软件,300007.SZ,14.8262032382,支付本次交易中的部分现金对价,50440.0,66855.65,,34985.66,嘉园环保 80.00%股权,18511.79808,4363.01,21648.53,3252.44992,66855.65,,2013-12-31 00:00:00,2.08823047108,1.68,产业并购,西南证券,建筑业,股份和现金,机械设备
荣之联,66692.13,240.830679595,3810,5456,7470,2014-08-28 00:00:00,2014.0,收益法,,计算机,002642.SZ,16.4125984252,支付本次交易中的部分现金对价,62532.0,62532,,,泰合佳通100%股权,4467.849138,3745.069963,3122.363885,259.651304,62532.0,,2014-02-28 00:00:00,19.0271340251,2,产业并购,东方花旗,信息技术业,股份和现金,计算机
华录百纳,342023.46,27.6415937898,19823.06,24882.58,31246.94,2014-08-28 00:00:00,2014.0,收益法,,传播与文化产业,300291.SZ,12.6315412454,支付本次交易中的部分现金对价,250000.0,250395.8,,,蓝色火焰 100%的股权,89759.96,19753.24,43424.75,9058.66,250395.8,,2014-03-31 00:00:00,4.76620015084,8.1,产业并购,中信建投,传播与文化产业,股份和现金,传媒
星河生物,,10.4752950868,5500,6500,7500,2014-08-28 00:00:00,2014.0,收益法,,肉制品,300143.SZ,9.20231818182,支付本次交易中的部分现金对价,46500.0,50612.75,,47089.15,洛阳伊众 93%股权,34001.31,4846.05,24840.15,4831.63,50612.75,,2014-02-28 00:00:00,1.03753801809,1.55,产业并购,广州证券,食品、饮料,股份和现金,农林牧渔
华闻传媒,,24.6575504298,22735,30400,40500,2014-08-29 00:00:00,2014.0,收益法,,文化、软件,000793.SZ,13.8243882363,支付本次交易中的部分现金对价,279944.0,279679.59,,34665.39,掌视亿通 100%股权、精视文化 60%股权、邦富软件 100%股权、漫友文化 85.61%股权,51042,14478.63,34665.39,12746.5,314297.46655300003,,2014-03-31 00:00:00,8.06660696889,9.2,产业并购,民生证券,传播与文化产业,股份和现金,传媒
鹿港科技,,32.420376436,4500,5850,7605,2014-08-29 00:00:00,2014.0,收益法,,影视,601599.SH,10.491882222200001,支付本次交易中的部分现金对价,47000.0,47213.47,,19185.43,世纪长龙 100%的股权,15814.89,1021.11,18178.32,1456.29,47213.47,,2013-12-31 00:00:00,1.5972405590799998,1.5,产业并购,兴业证券,传播与文化产业,股份和现金,纺织服装
海默科技,,17.5434558927,4200,5040,-,2014-09-01 00:00:00,2014.0,收益法,,压裂装备部件,300084.SZ,10.0676880952,支付本次交易的现金对价,42000.0,42284.29,,15480.66,清河机械 100%股权,18370.13506,3500,12795.48,2410.26,42284.29,,2014-02-28 00:00:00,2.3046271027,1.4,产业并购,国金证券,机械、设备、仪表,股份和现金,采掘
中航电测,,16.712258217000002,3855.6,5424.3,6844.06,2014-09-03 00:00:00,2014.0,收益法,,机载配电系统,300114.SZ,10.2679219836,"建设某型直升机机载配电系统项目
目",39589.0,39589,,26043.71,汉中一零一航空电子设备100%股权,11184.77,3091.25,10487.59,2368.86,39589.0,,2013-03-31 00:00:00,2.77484245666,1.3,集团整体上市,中信建投,机械、设备、仪表,股份支付100%,机械设备
柘中建设,,,,,,2014-09-03 00:00:00,2014.0,收益法、资产基础法,,成套开关设备,002346.SZ,,,57800.0,,,,柘中电气100%股权、集团,,,42370.06,,221433.29,,2013-12-31 00:00:00,4.22617362354,0,集团整体上市,民生证券,机械、设备、仪表,股份支付100%,建筑材料
海翔药业,,73.6332853306,22615.08,27111.47,30355.96,2014-09-03 00:00:00,2014.0,收益法,,染料,002009.SZ,8.365480024830001,约2亿元拟用于台州前进的持续发展，约4.3亿元用于偿还银行借款并补充流动资金,189120.0,189186,,74806.77,台州市前进化工100%股权,99582.94,14248.77,35793.2,2569.3,189186.0,,2013-12-31 00:00:00,4.28552909491,6.3,借壳上市,国泰君安,石油、化学、塑胶、塑料,股份支付100%,医药生物
鼎立股份,,27.9305390408,12200,18000,22000,2014-09-04 00:00:00,2014.0,收益法,,环保,600614.SH,14.786885245899999,支付现金对价款及对标的增资,180000.0,180400,,64981.06,郴州丰越环保科技100%股权,33351.26,7825.13,50018.72,6458.88,180400.0,,2013-12-31 00:00:00,2.60664967036,5.3,第三方产业并购,西南证券,金属、非金属,股份85%+现金15%,综合
通鼎光电,,67.0813107157,2000,2900,4200,2014-09-04 00:00:00,2014.0,收益法,,移动互联网,002491.SZ,11.29012,,11500.0,22580.24,,3371.14,苏州瑞翼信息技术51%股权,1697.48,919.891068,2319.38,336.61,22580.24,,2013-12-31 00:00:00,8.735463787739999,0,第三方产业并购,西南证券,信息技术业,股份支付100%,通信
旋极信息,,11.5599540571,2080,2496,2870.4,2014-09-04 00:00:00,2014.0,收益法,,信息技术服务,300324.SZ,7.79040865385,,16000.0,16204.05,,3913.01,北京中软金卡信息技术100%股权,4625.77,1621.38,2981.58,1401.74,16204.05,,2013 年12 月31 日,4.43471917574,0,第三方产业并购,华泰联合,信息技术业,股份70%+现金30%,计算机
高金食品,652971.87,27.5996054693,42980,55840,71900,2014-09-11 00:00:00,2014.0,收益法,,影视娱乐,002143.SZ,13.9878499302,,601197.79,601197.79,,,印纪影视娱乐传媒100%股权,162351.8,27585.68,62856.98,21782.84,601197.79,,2013 年12 月31 日,8.5645350763,0,借壳上市,宏源证券、中信建投,传播与文化产业,股份支付100%,农林牧渔
金龙机电,,42.97954167,9700,11405,13415.75,2014-09-11 00:00:00,2014.0,收益法,,液晶显示模组及触控显示一体化模组、微特电机,300032.SZ,10.0580103093,支付现金对价款,97200.0,97562.7,,27742.64,无锡博一光电股权、深圳甲艾马达股份100%股权,65514.82,5891.11,16119.77,2269.98,97562.7,两个标的,2013 年12 月31 日,5.05236302999,3.24,产业并购,国信证券,机械、设备、仪表,股份+现金,电子
新文化,155786.7,23.4320481597,9226.25,11354.3,14124.86,2014-09-11 00:00:00,2014.0,收益法,,户外广告行业,300336.SZ,16.2888703428,支付现金对价款,15000.0,150285.19,,0,郁金香广告传播100%、达可斯广告100%,46852.22,6680.09,43559.11,6413.66,150285.19,两个标的,2013 年12 月31 日,2.45014372424,5,产业并购,海通证券,社会服务业,股份+现金,传媒
濮耐股份,-,,-,-,-,2014-09-12 00:00:00,2014.0,资产基础法、收益法,,专用设备制造：耐火材料生产器械和隧道窑、转炉出钢口用滑动水口挡渣系统,002225.SZ,,支付现金对价款及对标的增资,41471.86,-,,-,马鞍山市雨山冶金新材料100%股权及郑州汇特耐火材料100%股权,43035.4311,-,22623.27,-,41471.86,两个标的,2014-03-31 00:00:00,0.833150556927,1.38,产业并购,中原证券,机械、设备、仪表,股份支付+现金,建筑材料
佳讯飞鸿,,25.9219454771,1603.81,2007.02,2495.59,2014-09-12 00:00:00,2014.0,收益法,,智能应用系统,300213.SZ,13.0433218399,,20800.0,20919.01,,7075.05,深圳市航通智能技术 100%股权,5672.49,1235.290425,4906.11,807,20919.01,,2013 年12 月31 日,3.26386893078,0,产业并购,安信证券,信息技术业,股份57.7%+现金42.3%,通信
京威股份,,12.4866516195,17123,19364,20948,2014-09-17 00:00:00,2014.0,收益法,,汽车零部件制造、饰件,002662.SZ,8.94306196344,,133465.02,153132.05,,78877.93,宁波福尔达智能100%股权及秦皇岛威卡威汽车零部件49%股权,70647.05,14320.75,44021.55,12263.66,153132.05,,2013-12-31 00:00:00,2.4785701548400003,,产业并购,国信证券,机械、设备、仪表,股份+现金,汽车
桑乐金,,34.460213681999996,760,950,1100,2014-09-17 00:00:00,2014.0,收益法,,远红外桑拿理疗房,300247.SZ,14.217105263199999,支付现金对价款,10800.0,10805,,1584.78,深圳市卓先实业100%股权,12110.4,608.14,1072.09,313.55,10805.0,,2013 年12 月31 日,9.07844490668,0.36,产业并购,国元证券,机械、设备、仪表,股份70%+现金30%,家用电器
拓维信息,90559.62,1285.26284417,7800,9750,,2014-09-17 00:00:00,2014.0,收益法,,移动网络游戏研发,002261.SZ,11.6102076923,支付现金对价款,81000.0,90559.62,,,上海火溶信息科技90%股权,520.51,6000,2862.52,70.46,90559.62,,2014-04-30 00:00:00,30.636327431799998,2.7,产业并购(收购控股权）,华泰联合,信息技术业,股份60%+现金40%,传媒
百圆裤业,,34.6807713104,9100,12600,17000,2014-09-18 00:00:00,2014.0,收益法,,线上跨境出口零售贸易,002640.SZ,11.488901098900001,支付现金对价款及补流等,103200.0,104549,,14021.84,深圳市环球易购电子商务100%股权,46635.06,6500,11655.63,3014.61,104549.0,考虑到交易完成后各交易对方所承担的业绩补偿责任、未来持有的股票锁定期限等存在不同，各交易对方获取对价的情况不同,2014-03-31 00:00:00,7.969828314730001,1.5,产业并购,广发证券,批发和零售贸易,股份94.2%+现金5.8%,纺织服装
翠微股份,220925,48.7646537026,8023.6,7129.4,0,2014-09-18 00:00:00,2014.0,成本法,,百货零售,603123.SH,30.763193578899998,支付现金对价、支付人员安置费、商城装修工程项目及补流,246831.56,0,,246831.56,北京当代商城100%股权及甘家口大厦100%股权,231927.23,5874.62,85277.35,5061.69,246831.56,两个标的,2013年10月31日星期四,1.89445626535,5.2,集团整体上市,中信建投,批发和零售贸易,股份+现金,商业贸易
依米康,,11.3217356204,2941.19,3458.81,4100,2014-09-24 00:00:00,2014.0,收益法,,除尘脱硫脱硝设备等大气污染防治设备,300249.SZ,9.25027284874,对标的公司增资,14419.61,27206.81,,17445.25,江苏亿金环保科技53%股权,22541.88,2611.257579,13154,2403.06,27206.81,第三方购买标的公司23.50%的股权,2013 年12 月31 日,1.06832978562,0.48,产业并购,海际大和,机械、设备、仪表,股份支付100%,家用电器
银之杰,,16.5788570226,3840,4800,6000,2014-09-24 00:00:00,2014.0,收益法,,移动商务平台技术和应用方案提供商,300085.SZ,9.02934635417,,30000.0,34672.69,,14563.96,北京亿美软通科技100%股权,31625.75,3085.995643,9462.6,2091.38,34672.69,,2013 年12 月31 日,2.66418214867,0,产业并购,长江证券,信息技术业,股份支付100%,计算机
新世纪,,45.5997414274,14246.2,18461.15,23497.98,2014-09-24 00:00:00,2014.0,收益法,,移动终端操作系统、中间件平台,002280.SZ,14.9431961397,海外运营平台扩建、联络运营分发平台的搭建、手机游戏、智能电视等应用的研发,212883.760846,212883.760846,,29760.75,北京数字天域科技100%股权,9630.68,2270.71,21665.66,4668.53,212883.760846,,2013-12-31 00:00:00,8.82586087135,4.99,借壳上市,华泰联合,信息技术业,股份支付100%,计算机
中南重工,,16.3054205908,10500,13000,16000,2014-09-25 00:00:00,2014.0,收益法,,广播、电视、电影和影视录音制作业,002445.SZ,9.645820952380001,支付现金对价款,100000.0,101281.12,,69198.85,大唐辉煌传媒100%股权,20504.06,6678.52,49113.05,6211.5,101281.12,,2013-12-31 00:00:00,1.06220383381,1.74,产业并购,金元证券,传播与文化产业,股份82.6%+现金17.4%,机械设备
皇氏乳业,,24.257847952,8775,11846,15992,2014-09-25 00:00:00,2014.0,收益法,,广播、电视、电影和影视录音制作业,002329.SZ,7.85249344729,支付现金对价款及中介费,68250.0,68905.63,,10873.57,御嘉影视集团100%股权,8429.78,6500,10844.08,2840.55,68905.63,,2014 年3 月31 日,5.354216309730001,2.27,产业并购,海通证券,传播与文化产业,股份70%+现金30%,食品饮料
和晶科技,,17.8656049718,1900,2200,,2014-09-25 00:00:00,2014.0,收益法,,白色家电智能控制器系统集成业务,300279.SZ,11.135631578900002,支付现金对价款及税费,21000.0,21157.7,,2917.32,无锡中科新瑞系统集成100%股权,10214,1650,2757.22,1184.27,21157.7,,2014 年3 月31日,6.67356250136,0.7,产业并购,东方花旗,信息技术业,股份70%+现金30%,电子
北纬通信,,63.9236810104,4800,5700,,2014-10-15 00:00:00,2014.0,收益法,,移动应用分发平台的开发,002148.SZ,9.08954791667,,36180.0,43629.83,,7536.2,杭州掌盟软件技术82.97%股权,3133.76,4000,5853.08,682.53,43629.83,,2014 年3 月31日,6.45416601174,0,产业并购(收购控股权）,中信建投,信息技术业,股份58.6%+现金41.4%,传媒
步步高,166300,12.1412937099,11047,12111,13334,2014-10-15 00:00:00,2014.0,收益法,,超市、百货和电器的直营连锁经营,002251.SZ,14.531547026300002,,160530.0,160530,,,广西南城百货100%股权,268566.7,10526.05,52970.76,13221.82,160530.0,,2013-12-31 00:00:00,2.03053986766,0,产业并购,华西证券,批发和零售贸易,股份95%+现金5%,商业贸易
华智控股,,28.8458299342,17541.8,19532.02,21514.69,2014-10-16 00:00:00,2014.0,收益法,,广告、发行、印刷及新媒体业务,000607.SZ,12.719097242,,223115.86,223115.86,,99384.96,杭州日报传媒100%股权等杭报集团的传媒经营类资产,158657.01,16128.65,74979.99,7734.77,223115.86,,2013-12-31 00:00:00,1.97567204263,,借壳上市,中信证券,传播与文化产业,股份100%,机械设备
光华控股,268691.66,19.2284820604,24124.43,29363.35,33479.54,2014-10-16 00:00:00,2014.0,收益法,,水泥熟料及水泥产品,000546.SZ,10.2412956493,,247065.42,247065.42,,,青海互助金圆水泥100%股权,130007.82,21074.95,104244.48,12848.93,247065.42,,2013-09-30 00:00:00,1.37005758003,0,借壳上市,西南证券,金属、非金属,股份100%,综合
新华医疗,,16.4809505232,3800,4280,4580,2014-10-17 00:00:00,2014.0,收益法,,制药装备,600587.SH,11.4509210526,支付现金对价款,36975.0,43513.5,,36421.4,成都英德生物医药装备技术85%股权,20001.66,4161.69,12069.23,2640.23,43513.5,,2013-12-31 00:00:00,2.60532527759,1.23,产业并购,西南证券,机械、设备、仪表,股份60%+现金40%,医药生物
北大医疗,,23.7768341942,9332.93,12393.38,,2014-10-17 00:00:00,2014.0,收益法,,肿瘤诊疗设备,000788.SZ,15.0237192393,重组完成后的业务整合和补流,140215.32,140215.32,,44770.07,深圳市一体医疗科技100%股权,24320.11,7463.65,31244.93,5897.14,140215.32,,2014-04-30 00:00:00,3.4876183111900003,4.67,产业并购,西南证券,机械、设备、仪表,股份支付100%,医药生物
瀚蓝环境,,,23629.42,29624.57,0,2014-10-29 00:00:00,2014.0,收益法,,"环保、垃圾焚烧发电、,燃气",600323.SH,13.2566368535,支付现金对价款,223344.52,313246.64,,203749.57,创冠中国100%股权;燃气发展30%股权,126695.8,19811.09,181172.52,0,313246.64,,2013-09-30 00:00:00,0.728996428377,7.448,产业并购,广发证券,社会服务业,股权+现金,
华谊嘉信,,,,,,2014-10-29 00:00:00,2014.0,收益法,,广告传媒,300071.SZ,,,41694.36,,,,迪思传媒100%股权,,,4478.25,,46172.61,,2014-04-30 00:00:00,9.31041366605,,产业并购,长城证券,社会服务业,股权+现金,
东方国信,,,,,,2014-10-29 00:00:00,2014.0,收益法,,应用软件,300166.SZ,,支付现金对价款,45080.0,,,,屹通信息100%股份,,,3791.33,,45087.78,,2014-05-31 00:00:00,10.8923385725,,产业并购,广发证券,信息技术业,股权+现金,
中科金财,,,"7,250","8,650",,2014-10-30 00:00:00,2014.0,收益法,,应用软件,002657.SZ,11.015885517200001,支付现金对价款,79800.0,,,,滨河创新100%股权,,"6,100",9694.5,,79865.17,,2014-03-31 00:00:00,7.238193821239999,,产业并购,中信证券,信息技术业,60%股权+40%现金,
世纪鼎利,,,5808,7043,7633,2014-10-30 00:00:00,2014.0,收益法,,信息科技咨询与其他服务,300050.SZ,3.891590909090001,支付现金对价款,22602.36,,,,智翔信息100%股权,,5170,62550,,22602.36,,2014-05-31 00:00:00,-0.638651318945,1.1143,产业并购,中金,信息技术业,82.17%股权+17.83%现金,
丽鹏股份,,11.2129623303,13000,16900,19800,2014-10-30 00:00:00,2014.0,收益法,,环境与设施服务,002374.SZ,7.70060538462,无,99860.0,100107.87,,61022.14,华宇园林100%股权,56328.53,10500,60763.49,8927.87,100107.87,,2014-04-30 00:00:00,0.647500332848,无,产业并购,金元证券,社会服务业,77%股权+23%现金,
神州信息,72000,98.37610153520001,6675,10012.5,,2014-10-31 00:00:00,2014.0,收益法,,应用软件,000555.SZ,10.636704119900001,支付本次交易现金对价,71000.0,71000,,,中农信达100%,2108.41,4450,2394.64,721.72,71000.0,,2014-06-30 00:00:00,28.6495506631,2.13,产业并购,西南证券,信息技术业,70%股权+30%现金,
云南旅游,65200,15.4819741863,7496.21,9371.16,,2014-10-31 00:00:00,2014.0,收益法,,建筑与工程,002059.SZ,7.92400426349,支付本次交易现金对价,47520.0,60200,,,江南园林80%,46286.04,5999.42,18240.32,3836.72,59400.0,,2014-05-31 00:00:00,2.25652181541,1.584,产业并购,西南证券,建筑业,66.7%股权+33.3%现金,
